;ID;LOCATION;NUMBER
0;UNWIKW18F9;VMUVP1_4251DD_FUKUXI;4486
1;0O7T52ADQ6;UDO_3HV;3904
2;76RXBNZWDK;ZN1JB_R6VD8I;1346
3;T1EC3USS6S;KE_C87OL2_NJ;1763
4;IOOCNNUVOF;UDO_3HV;4744
5;IMH56M6M19;UDO_3HV;4374
6;UHDMRXL60G;0IG3_CV_WF;4200
7;366QUDOWCB;H2_WAD6J;4170
8;MPJZ1P1R9O;VMUVP1_4251DD_FUKUXI;1121
9;E7MMZC224W;H7G4ZA_H9O;4274
10;2DPPL7IDO6;ZN1JB_R6VD8I;3371
11;G06SWUKGZF;5DH19E_EX_UU8;1634
12;1H3YA0NE64;5DH19E_EX_UU8;2870
13;NP0N2HPPMM;KE_C87OL2_NJ;253
14;TTBMYZ0AUR;H7G4ZA_H9O;1964
15;JLCU6YV0DR;KE_C87OL2_NJ;929
16;VBX6SARMBX;ZN1JB_R6VD8I;941
17;1HUNC6H5K1;KE_C87OL2_NJ;2794
18;O8J5ALAN2H;H7G4ZA_H9O;1842
19;39692XG2EL;6U_RQP5V;3901
20;SBGI66PURZ;ZN1JB_R6VD8I;1436
21;DH5KGG6XMK;VMUVP1_4251DD_FUKUXI;2446
22;VVIOWLEFPS;ZN1JB_R6VD8I;2303
23;FX3ROGL15T;VMUVP1_4251DD_FUKUXI;113
24;DL5WLOINF4;VMUVP1_4251DD_FUKUXI;774
25;8PLJMAXHHT;UDO_3HV;3207
26;87IJESLVJ7;6U_RQP5V;2089
27;N7Q6PLSU5H;UDO_3HV;3094
28;QEM4LK1KYI;0IG3_CV_WF;2644
29;9B2P613PFN;VMUVP1_4251DD_FUKUXI;4123
30;AFL4DMVSU8;KE_C87OL2_NJ;2199
31;KB2ZHCRW4C;6U_RQP5V;2659
32;GXIKE4RF4T;H2_WAD6J;4089
33;GTJTCR5LQT;KE_C87OL2_NJ;1125
34;3UWYPHK5KV;5DH19E_EX_UU8;0
35;HMSBAOBHZD;KE_C87OL2_NJ;2157
36;HEI0NNPTR7;ZN1JB_R6VD8I;2408
37;28BOEVYHHP;UDO_3HV;3634
38;IG843RJC64;ZN1JB_R6VD8I;2329
39;V4L1XMWAHB;RK2AY_AORFQ;208
40;ARPL8HENDJ;KE_C87OL2_NJ;2225
41;J3PABDMOHF;H7G4ZA_H9O;2150
42;6TJLGX9K4O;0IG3_CV_WF;3060
43;GQ8MUFIGXS;KE_C87OL2_NJ;1551
44;GY2D0UT88R;0IG3_CV_WF;2433
45;H8BKYZFK38;RK2AY_AORFQ;456
46;SM5YWLO7QH;0IG3_CV_WF;4130
47;FZMPU4AY2K;RK2AY_AORFQ;3214
48;LTWX7E9159;6U_RQP5V;3909
49;B63H74NVHT;H7G4ZA_H9O;2160
50;JV7ZUHDLK8;VMUVP1_4251DD_FUKUXI;3385
51;OCO2SFFZ7P;0IG3_CV_WF;287
52;AHPJT5BJYL;0IG3_CV_WF;1821
53;7PN2FRUHEF;5DH19E_EX_UU8;3389
54;IAQI50NBSX;UDO_3HV;3351
55;BCB9I99JW4;6U_RQP5V;465
56;Z6W92NL1ES;6U_RQP5V;212
57;0TP3M9QH4X;5DH19E_EX_UU8;2267
58;6CV3KKN9XC;ZN1JB_R6VD8I;4957
59;KINXKC3DLT;H2_WAD6J;2890
60;WFF2JDPWGN;UDO_3HV;2227
61;FZ33Y6SXPZ;H2_WAD6J;1939
62;TMCOFETN0P;0IG3_CV_WF;2554
63;MJ4SK2ZVRP;VMUVP1_4251DD_FUKUXI;539
64;H8AME0V513;0IG3_CV_WF;903
65;15X195EU4H;UDO_3HV;516
66;VLVJ5HT6A1;VMUVP1_4251DD_FUKUXI;1141
67;EFDCBB1RC4;H2_WAD6J;2052
68;SGNJAGGEJ7;H2_WAD6J;345
69;9K92VXBH0H;VMUVP1_4251DD_FUKUXI;352
70;5YWKE655PO;KE_C87OL2_NJ;1853
71;GKWM3USSWF;5DH19E_EX_UU8;4843
72;9TM2M7JNFS;H7G4ZA_H9O;3446
73;Y93BU6Q7N4;H2_WAD6J;420
74;65HGCXEJM3;5DH19E_EX_UU8;1150
75;KCRM4LND6W;RK2AY_AORFQ;1285
76;OD64953LNW;H2_WAD6J;4899
77;23RBW3XKTK;KE_C87OL2_NJ;1590
78;HLNUPPVM0Q;RK2AY_AORFQ;3479
79;NMAV42EU9T;RK2AY_AORFQ;655
80;WYZTHERDRN;H7G4ZA_H9O;2459
81;8WNSYQA4U6;0IG3_CV_WF;1664
82;3TEBG8AELS;0IG3_CV_WF;2134
83;P7XBDDNFP2;ZN1JB_R6VD8I;2275
84;DTLI8FT6E4;RK2AY_AORFQ;2972
85;8TGFOD6MC8;5DH19E_EX_UU8;4164
86;FTK6Q8QVPH;ZN1JB_R6VD8I;4174
87;4Y2PPRAUYF;RK2AY_AORFQ;1412
88;YK5MRDN0MH;0IG3_CV_WF;4816
89;4U6DZ8PSFZ;H2_WAD6J;3936
90;W8V3WZV8EA;ZN1JB_R6VD8I;3310
91;YSD755LHI1;H7G4ZA_H9O;619
92;829YQIXZFU;RK2AY_AORFQ;3821
93;XXI7V2INQU;6U_RQP5V;2927
94;BQMPNVX2O9;6U_RQP5V;3748
95;9L5J73MZ48;5DH19E_EX_UU8;4366
96;L45TUYL6CC;UDO_3HV;4195
97;3XA74T5UWX;5DH19E_EX_UU8;1014
98;2EQZU2G5IY;5DH19E_EX_UU8;4258
99;HRJZUHZIHW;VMUVP1_4251DD_FUKUXI;3315
100;4C7EJ0GBA1;RK2AY_AORFQ;1385
101;KLRZTMIQYJ;H7G4ZA_H9O;3578
102;56X7O268ZW;H7G4ZA_H9O;734
103;SPR251DKNW;H2_WAD6J;2371
104;8R2U8GW7CY;6U_RQP5V;3475
105;C4AP4PFJNX;VMUVP1_4251DD_FUKUXI;3188
106;CDES7RIUZ0;0IG3_CV_WF;181
107;589AGLLJGU;KE_C87OL2_NJ;2538
108;Y26CEGQZAX;RK2AY_AORFQ;4272
109;QCR37R836Y;UDO_3HV;1643
110;4OMUB15RI9;H2_WAD6J;17
111;92B0HCMC59;VMUVP1_4251DD_FUKUXI;3727
112;9E9HFPQBT9;0IG3_CV_WF;196
113;08RXML4UGH;H7G4ZA_H9O;4027
114;B8A2OA3Z9E;KE_C87OL2_NJ;1088
115;8HQOP1R7EM;H7G4ZA_H9O;2401
116;CU6IK02XL8;5DH19E_EX_UU8;532
117;F91A991BX2;RK2AY_AORFQ;4646
118;EUV813FXM1;5DH19E_EX_UU8;3992
119;9MCLBZ6IBK;0IG3_CV_WF;1890
120;2BVPPX30UK;UDO_3HV;2510
121;9T28G46THS;KE_C87OL2_NJ;3576
122;P7DSOEZA8Z;5DH19E_EX_UU8;148
123;A197H9PKN4;0IG3_CV_WF;2340
124;9VD9W9YSMU;6U_RQP5V;547
125;B6NCUKFHSE;5DH19E_EX_UU8;3401
126;Y3SY4OCFAP;6U_RQP5V;235
127;RH4SPG4N9B;VMUVP1_4251DD_FUKUXI;3718
128;SH2EXUKVBD;H2_WAD6J;4548
129;6HW1OAYC3X;5DH19E_EX_UU8;397
130;35AFYN2XTX;0IG3_CV_WF;3861
131;LT9YCIQ88G;RK2AY_AORFQ;469
132;8VV96ZDA04;H2_WAD6J;2032
133;28SIX3WWWF;5DH19E_EX_UU8;1011
134;WHQC0UQVIQ;ZN1JB_R6VD8I;4178
135;SP9LJ1H9F8;UDO_3HV;4238
136;MP4NBL241B;H2_WAD6J;4528
137;JT8FT1JNLG;ZN1JB_R6VD8I;2306
138;TABZ234HVQ;H2_WAD6J;4392
139;PFQ512SSZR;UDO_3HV;3247
140;R9EJJKBSX3;KE_C87OL2_NJ;496
141;YYYRF9NNIO;ZN1JB_R6VD8I;1664
142;LERBISARB8;0IG3_CV_WF;3834
143;G41HA2CB66;UDO_3HV;4931
144;VCFJVJVBSW;KE_C87OL2_NJ;812
145;9Q9K351DJ8;5DH19E_EX_UU8;3130
146;VAZAVUPKXS;UDO_3HV;2806
147;86XK9IEB2A;H7G4ZA_H9O;4806
148;U01MBV3F9G;6U_RQP5V;3217
149;ZDXCREE9CO;H7G4ZA_H9O;2469
150;9MNSP8VUNW;KE_C87OL2_NJ;1293
151;89JNS0DG9U;UDO_3HV;3378
152;2LA9MZCXQD;ZN1JB_R6VD8I;4213
153;I0CCLSM5M2;RK2AY_AORFQ;1780
154;Q23YJZH4X1;ZN1JB_R6VD8I;3106
155;F80X5LK1TU;5DH19E_EX_UU8;2527
156;62PF07TQJY;H7G4ZA_H9O;2742
157;Z9I2DC7ABJ;RK2AY_AORFQ;4734
158;2AD5QUUZ2D;H2_WAD6J;4427
159;UWLL4IHVS2;VMUVP1_4251DD_FUKUXI;2732
160;HU15BRYNMY;0IG3_CV_WF;3432
161;QDSPBUG03P;6U_RQP5V;3234
162;MU77GRNJ4D;ZN1JB_R6VD8I;3588
163;BYUN1OHXCE;KE_C87OL2_NJ;2300
164;8XBHK3N15K;H7G4ZA_H9O;1107
165;YJX8KQOHGB;H2_WAD6J;741
166;EEE2HEX78E;ZN1JB_R6VD8I;1268
167;E13JOBOBNI;UDO_3HV;2995
168;KQL8OXHOQC;VMUVP1_4251DD_FUKUXI;618
169;NJR6780U1C;H2_WAD6J;4813
170;RZKZ1ZHKRR;H2_WAD6J;1224
171;A2L6YKC0V8;0IG3_CV_WF;1307
172;4X86H7HNZD;ZN1JB_R6VD8I;564
173;XICMM8SLPZ;6U_RQP5V;301
174;OG8AI93FQ5;UDO_3HV;4281
175;PGC8X4ENBI;VMUVP1_4251DD_FUKUXI;957
176;YDGTZUYT1U;5DH19E_EX_UU8;3204
177;UE097C403W;RK2AY_AORFQ;503
178;CCJNCAZTAG;RK2AY_AORFQ;4267
179;R2I6NV2DBH;5DH19E_EX_UU8;2534
180;C6G0E3UOEF;0IG3_CV_WF;1121
181;OZTC9X02KU;5DH19E_EX_UU8;1202
182;VR24BOH1S2;ZN1JB_R6VD8I;3824
183;YC5KE0PQ2Z;0IG3_CV_WF;3715
184;VS1S2LR6SD;VMUVP1_4251DD_FUKUXI;940
185;E0J4WXICEG;RK2AY_AORFQ;4356
186;MTY88Y9747;RK2AY_AORFQ;4231
187;59ULAOCQ1Y;ZN1JB_R6VD8I;3468
188;S6BYZZVXHT;RK2AY_AORFQ;1010
189;4ITB1Y9HU0;0IG3_CV_WF;4156
190;RRQ37PUZ9G;H7G4ZA_H9O;408
191;RAHG6GDSL9;H7G4ZA_H9O;4345
192;0Q76E2MRF9;VMUVP1_4251DD_FUKUXI;2286
193;8YB0AXZQSO;UDO_3HV;3985
194;D8M3GFNSBA;VMUVP1_4251DD_FUKUXI;3924
195;UALUPBU2SH;6U_RQP5V;2282
196;JM7TB1P7DL;0IG3_CV_WF;3682
197;9J6EZELUYT;0IG3_CV_WF;3357
198;JKN6UVQUPC;VMUVP1_4251DD_FUKUXI;447
199;ZLPIHLBFD5;KE_C87OL2_NJ;3523
200;15VQ128A1T;H7G4ZA_H9O;2114
201;DLW9NW0QY9;5DH19E_EX_UU8;1941
202;T5URYCMPZ5;KE_C87OL2_NJ;3644
203;V67ORXZLUO;6U_RQP5V;2007
204;SKQWD7EQZA;UDO_3HV;3803
205;GWWFJEEQAY;ZN1JB_R6VD8I;1752
206;G1PBV60ZHO;ZN1JB_R6VD8I;2108
207;EZ7UNFED9J;5DH19E_EX_UU8;2986
208;0A95XA1369;UDO_3HV;2103
209;42V5AI6L5N;H7G4ZA_H9O;2573
210;4BKNZ27SP8;H7G4ZA_H9O;1235
211;PPA18EC0FO;VMUVP1_4251DD_FUKUXI;278
212;KPX04FXN0V;0IG3_CV_WF;804
213;8LE88VBMQU;ZN1JB_R6VD8I;2204
214;ULK1D7N5PP;6U_RQP5V;178
215;SZJFD7FE3D;H7G4ZA_H9O;2501
216;ZJT7E15ZRX;KE_C87OL2_NJ;1332
217;JZ01U87LLJ;6U_RQP5V;3987
218;NSR10AS39L;5DH19E_EX_UU8;2134
219;GCT3QCG404;6U_RQP5V;1470
220;DO6DYBT3E7;5DH19E_EX_UU8;4315
221;428BUF29DN;UDO_3HV;4302
222;2P3MQJHCEQ;UDO_3HV;4263
223;DNAZZS4Q1O;UDO_3HV;3298
224;PKWGASY6EF;5DH19E_EX_UU8;940
225;9DP3SJT39F;H2_WAD6J;2971
226;9CV6T9MTUZ;UDO_3HV;2066
227;4J9EOYN3KP;0IG3_CV_WF;4949
228;2SW3JM0Y49;UDO_3HV;3222
229;OZY9JUKM00;VMUVP1_4251DD_FUKUXI;3330
230;IPEBHIV7CV;H2_WAD6J;2111
231;Q5D5VWOPE0;UDO_3HV;1408
232;KS58SDQ11G;KE_C87OL2_NJ;4277
233;C0RV4X8FOQ;RK2AY_AORFQ;3805
234;W34PMSJXRS;H2_WAD6J;3405
235;27FZK5HKAP;0IG3_CV_WF;4044
236;BWGTPNNBX3;H2_WAD6J;970
237;O80OEP7VT0;VMUVP1_4251DD_FUKUXI;3876
238;P56ROPFA0E;ZN1JB_R6VD8I;63
239;B6IX51LGOP;0IG3_CV_WF;1236
240;OUWQKR6Q46;H7G4ZA_H9O;1594
241;AE6U8M557B;RK2AY_AORFQ;4175
242;38D6SSJT7E;5DH19E_EX_UU8;2652
243;1G7HRQNVUZ;H2_WAD6J;3294
244;JBY374EDFB;H7G4ZA_H9O;1587
245;4EWKO0JPLN;6U_RQP5V;2791
246;TZD8AWN4CC;0IG3_CV_WF;2520
247;SSQTMSB35V;H2_WAD6J;3879
248;9XWA99DD1V;VMUVP1_4251DD_FUKUXI;759
249;1FTCKO9JJP;0IG3_CV_WF;913
250;7JVBJ97IJZ;H7G4ZA_H9O;1176
251;YL0COYAREV;6U_RQP5V;2444
252;1UBQB4X1BW;ZN1JB_R6VD8I;3452
253;KMZZJRSXFL;5DH19E_EX_UU8;1503
254;CXR0JMFLY5;0IG3_CV_WF;2011
255;1EVACIHI21;RK2AY_AORFQ;2768
256;QC04CFEQVQ;ZN1JB_R6VD8I;1310
257;EJ8F5F6H25;H7G4ZA_H9O;69
258;UYX9J2BMS1;6U_RQP5V;61
259;S4O0HKEV49;KE_C87OL2_NJ;1764
260;GMRB20FWUG;RK2AY_AORFQ;3419
261;GNHT5V1JP6;UDO_3HV;1067
262;B4XRU53RBC;KE_C87OL2_NJ;4088
263;FRO76Q2IL6;H2_WAD6J;3864
264;G6TZLPRB3I;UDO_3HV;1061
265;8076VE4IWP;0IG3_CV_WF;4355
266;YV7RIT1APL;UDO_3HV;4758
267;Q3S2FJN2N0;KE_C87OL2_NJ;2483
268;P3LE06LKMI;0IG3_CV_WF;363
269;JPGL4IGX1A;RK2AY_AORFQ;960
270;6ZQU9LIQ8O;KE_C87OL2_NJ;4216
271;LOGF8DAE37;0IG3_CV_WF;407
272;PU8WANSUBW;H2_WAD6J;2617
273;Y5D4W627I9;6U_RQP5V;469
274;33NK3MNJJJ;5DH19E_EX_UU8;4047
275;EQQO32P05B;H7G4ZA_H9O;710
276;UVD4D992HM;KE_C87OL2_NJ;298
277;YT1MG4ZVMM;0IG3_CV_WF;4013
278;YV2ADJ1GOP;5DH19E_EX_UU8;1108
279;RXL0GEDYCW;H2_WAD6J;97
280;6MVEETJIGP;KE_C87OL2_NJ;4449
281;5T69IAHS2T;6U_RQP5V;2847
282;P08OHVMXLR;VMUVP1_4251DD_FUKUXI;4365
283;MJKVAG5PZG;UDO_3HV;752
284;PMCO9RFPY2;6U_RQP5V;2251
285;ZA6VUP6QCK;RK2AY_AORFQ;3136
286;WGA4SE9NSQ;H2_WAD6J;3501
287;D7WHTCVRK0;VMUVP1_4251DD_FUKUXI;2469
288;NNUXHZWUDE;6U_RQP5V;379
289;INQOO9T3HI;0IG3_CV_WF;2792
290;85DQWHBK65;H7G4ZA_H9O;2196
291;W7Z9PA18QM;5DH19E_EX_UU8;350
292;ZFL85SBNQG;6U_RQP5V;214
293;9RT0XNIKGI;ZN1JB_R6VD8I;4523
294;KC63MOCUBA;H2_WAD6J;4850
295;QS1P6IBXVV;5DH19E_EX_UU8;4872
296;BZ4M85PQWH;KE_C87OL2_NJ;2272
297;OQBMOC9TOX;5DH19E_EX_UU8;4794
298;IBWNDRISMT;5DH19E_EX_UU8;592
299;N1T61N1CRT;ZN1JB_R6VD8I;4788
300;328M0Z4LW1;6U_RQP5V;1118
301;0SB0UQV4LN;6U_RQP5V;3729
302;31U7EVQ1VS;0IG3_CV_WF;2748
303;RJQL7V6GZ7;6U_RQP5V;3360
304;RJQKO9J8UG;ZN1JB_R6VD8I;303
305;W17UHKEE6B;RK2AY_AORFQ;3627
306;KVKYGFBM39;RK2AY_AORFQ;2189
307;IVRKRYUTRC;0IG3_CV_WF;74
308;EPQU75NPDN;6U_RQP5V;4392
309;RNKAWURGIF;VMUVP1_4251DD_FUKUXI;3699
310;AA3XDXX8QG;ZN1JB_R6VD8I;4020
311;XJA0GKNBWY;UDO_3HV;4724
312;SLGZZD84SP;VMUVP1_4251DD_FUKUXI;3760
313;FG27G3M99K;KE_C87OL2_NJ;4268
314;3X6D5YK2IU;5DH19E_EX_UU8;1489
315;TBQPYQ9PV0;RK2AY_AORFQ;3900
316;V891129MVN;5DH19E_EX_UU8;1384
317;KLGJJVD0SA;RK2AY_AORFQ;2924
318;NSJBB4N700;RK2AY_AORFQ;969
319;OKXQGFW10A;H7G4ZA_H9O;3107
320;N3M63V0FBX;6U_RQP5V;3854
321;EPG5T4K7F3;ZN1JB_R6VD8I;3406
322;3GYEP6J4KV;H2_WAD6J;1609
323;3LEG0UYO4N;H2_WAD6J;866
324;I1EDZ2EHK5;KE_C87OL2_NJ;1390
325;XVDENOIAYW;6U_RQP5V;4793
326;IIEYASLNRF;VMUVP1_4251DD_FUKUXI;1315
327;5K9F6IGE10;H2_WAD6J;2941
328;PYWHXSX93G;6U_RQP5V;3072
329;K1QKGLZI8P;H7G4ZA_H9O;4981
330;61386RU3R9;H2_WAD6J;372
331;8T5G8JXRTK;0IG3_CV_WF;4983
332;YXHEQUPDHC;6U_RQP5V;1078
333;Z2IZNAI7G2;H7G4ZA_H9O;209
334;9Z2YXGXRZ8;5DH19E_EX_UU8;2514
335;MYJZ9SW1X7;5DH19E_EX_UU8;189
336;YJF6AEGROV;0IG3_CV_WF;3392
337;WV6NIGMZYZ;ZN1JB_R6VD8I;4627
338;3NFTTOBJW9;VMUVP1_4251DD_FUKUXI;2334
339;WVJQ4NYYMA;5DH19E_EX_UU8;3207
340;1ZBB1EV42O;ZN1JB_R6VD8I;1031
341;J5B47YVC9L;ZN1JB_R6VD8I;3808
342;VJP1QEXWHG;RK2AY_AORFQ;108
343;3XFTLU6J9P;KE_C87OL2_NJ;3570
344;OVBLG29J6T;6U_RQP5V;3616
345;Z73H124TK4;H7G4ZA_H9O;1890
346;2D3B93OOTK;ZN1JB_R6VD8I;523
347;HF2070D4JJ;ZN1JB_R6VD8I;198
348;BE0Y2UDP3D;KE_C87OL2_NJ;3815
349;7WZZ2ZOL3W;6U_RQP5V;34
350;DZTJH7H3EX;VMUVP1_4251DD_FUKUXI;2508
351;63T2LPCD3Z;UDO_3HV;482
352;J75IXRJDO0;VMUVP1_4251DD_FUKUXI;334
353;8J8A5677Q1;ZN1JB_R6VD8I;3360
354;VSISQV6PC7;H7G4ZA_H9O;4346
355;6SJCBP22IM;RK2AY_AORFQ;834
356;TFY1VKNNTI;RK2AY_AORFQ;1562
357;F9B07V56SP;6U_RQP5V;3722
358;973AVNDTKS;RK2AY_AORFQ;4420
359;54F2Z6VHL3;VMUVP1_4251DD_FUKUXI;4631
360;XIALRD56P3;6U_RQP5V;4900
361;NERYYUBUZO;6U_RQP5V;831
362;L4VAKLYIU8;0IG3_CV_WF;4839
363;MJ5SW0Z5O9;UDO_3HV;1654
364;KRLLENFN8R;5DH19E_EX_UU8;3526
365;11M4IDWPH8;UDO_3HV;2723
366;RUZEWL1W9J;KE_C87OL2_NJ;437
367;2WVMWY681U;ZN1JB_R6VD8I;3140
368;PCPA2QJ6PI;H7G4ZA_H9O;4806
369;S9XNX8A36B;H7G4ZA_H9O;4206
370;0EAXFVE1BY;H7G4ZA_H9O;3861
371;C80HX6G864;VMUVP1_4251DD_FUKUXI;1197
372;X2MQBOPG0H;H7G4ZA_H9O;1830
373;F5PBIP4MCO;H2_WAD6J;3365
374;0BJ5RTD7BA;H7G4ZA_H9O;173
375;JW2F6801JR;0IG3_CV_WF;4488
376;AXTWLYPVVW;6U_RQP5V;1931
377;GJS8U0QYWW;H7G4ZA_H9O;2278
378;DSSOW5WEWV;6U_RQP5V;1088
379;ZB57BMBDDK;H7G4ZA_H9O;3461
380;KN69KFSZWK;RK2AY_AORFQ;771
381;S9LY9V93GI;H2_WAD6J;4945
382;YV7N9WT5LI;ZN1JB_R6VD8I;2744
383;TYXCRE30GG;0IG3_CV_WF;2811
384;O6J0579WRB;ZN1JB_R6VD8I;494
385;78NIP8JVZG;KE_C87OL2_NJ;3874
386;FCV9S0D6OU;H2_WAD6J;2883
387;KCBLEVOGTU;0IG3_CV_WF;3674
388;EZPEV749DV;H2_WAD6J;3304
389;BG8H8OANAL;VMUVP1_4251DD_FUKUXI;2017
390;BJ49DV3TH8;H2_WAD6J;3227
391;ZADYWB2KR6;UDO_3HV;2781
392;QF07UPNPOL;UDO_3HV;239
393;KHN19P6DQ4;KE_C87OL2_NJ;673
394;D03XRDJT9N;H2_WAD6J;1752
395;NNEXW8GIHD;H2_WAD6J;1328
396;7HACBF26J8;6U_RQP5V;2288
397;BGELWQQLX3;UDO_3HV;2153
398;0WFBMDE3AE;KE_C87OL2_NJ;2778
399;T4LUNJAW38;5DH19E_EX_UU8;1693
400;3AV49OEVK0;VMUVP1_4251DD_FUKUXI;2842
401;4JMRBGF1LO;UDO_3HV;2868
402;VRR38Q99TJ;VMUVP1_4251DD_FUKUXI;3231
403;PFCTZL5D0T;KE_C87OL2_NJ;2003
404;5KMWTF6PJ0;5DH19E_EX_UU8;1903
405;F7DN5T2B8R;H7G4ZA_H9O;2344
406;V1G1284WRW;H2_WAD6J;4804
407;T39KDLNWOA;0IG3_CV_WF;1151
408;UPLQMTORKR;H2_WAD6J;4355
409;6MVSU1ZGVY;VMUVP1_4251DD_FUKUXI;2410
410;YQ0BV2D0AV;0IG3_CV_WF;2010
411;22UVHXWITX;6U_RQP5V;472
412;I0F7AUBCO7;KE_C87OL2_NJ;3664
413;H09WPCZ5UC;H7G4ZA_H9O;4471
414;K5SLFT23X0;KE_C87OL2_NJ;4657
415;QT23GPJKV5;RK2AY_AORFQ;294
416;7J7R4W3EC8;UDO_3HV;384
417;JQ8IW12I28;5DH19E_EX_UU8;937
418;J07ADQTJXW;H7G4ZA_H9O;4905
419;TPLUVBA7UH;UDO_3HV;1506
420;V5ZYQIYEZH;0IG3_CV_WF;1200
421;AHE740SU9S;0IG3_CV_WF;2080
422;F8DYH0A9X2;UDO_3HV;2088
423;RLER40FHWC;VMUVP1_4251DD_FUKUXI;575
424;HSKHWUAIQH;0IG3_CV_WF;966
425;R27N5W86LW;H7G4ZA_H9O;292
426;MEETB58569;H7G4ZA_H9O;2112
427;KAKZLZ6SBD;H2_WAD6J;643
428;KB17JAS9VQ;6U_RQP5V;3098
429;PBW58JN0IL;H7G4ZA_H9O;1169
430;S7A6KKJCDJ;ZN1JB_R6VD8I;3461
431;NY8Y4GI93W;VMUVP1_4251DD_FUKUXI;3637
432;DK10LT6W2X;H2_WAD6J;330
433;DJSLM3ORWK;0IG3_CV_WF;2074
434;9D5IMGTUBK;RK2AY_AORFQ;1885
435;5KN270LFW2;VMUVP1_4251DD_FUKUXI;443
436;E8ZFVZ2PW7;KE_C87OL2_NJ;2777
437;BW0PS31Y2T;5DH19E_EX_UU8;741
438;589ZX72VVR;VMUVP1_4251DD_FUKUXI;2342
439;9QR583HDZ8;0IG3_CV_WF;4274
440;ZHHKG0F5ZW;0IG3_CV_WF;4459
441;O1MOLUJV2A;6U_RQP5V;2686
442;Y3SPSP4PN9;H2_WAD6J;4798
443;7MVW5RIDGR;KE_C87OL2_NJ;2066
444;KCVGUCFG81;VMUVP1_4251DD_FUKUXI;2250
445;663K0F1TA0;6U_RQP5V;2284
446;O8P8PQ9NBD;H2_WAD6J;1215
447;Q9WRVR85Z2;H7G4ZA_H9O;4530
448;PLX59GZAXR;H7G4ZA_H9O;1548
449;CELE35C8EY;RK2AY_AORFQ;1215
450;7Z2VZMG2GN;RK2AY_AORFQ;940
451;81MKHHA5OQ;KE_C87OL2_NJ;2865
452;HJW6Z4WO7F;RK2AY_AORFQ;3710
453;ZZHP0MACBI;RK2AY_AORFQ;1748
454;Y7MHN4GV11;VMUVP1_4251DD_FUKUXI;1533
455;K113QYTATZ;KE_C87OL2_NJ;3476
456;8HBA9WNMNY;6U_RQP5V;363
457;X2XK5OO84Q;RK2AY_AORFQ;4171
458;DMSLX646XA;H2_WAD6J;355
459;EXLEUX0NU4;0IG3_CV_WF;3560
460;ZJYNZ0JVIA;H7G4ZA_H9O;1589
461;1CCDEGYCUC;H7G4ZA_H9O;1510
462;AJDKBAU93Q;VMUVP1_4251DD_FUKUXI;123
463;EE1OZZQ59J;KE_C87OL2_NJ;83
464;PUP589ERZD;UDO_3HV;180
465;8VT3J4IPBZ;6U_RQP5V;927
466;KGODEEPCKH;RK2AY_AORFQ;968
467;2ACO6ZF0FY;H7G4ZA_H9O;3992
468;R6ROB77MT0;0IG3_CV_WF;3645
469;L9VU2VE3RP;H2_WAD6J;2820
470;HUBIYXSIEM;5DH19E_EX_UU8;1653
471;SKJPQ6DL7Z;6U_RQP5V;4595
472;KAFCIGLO3E;6U_RQP5V;3594
473;V5B95M29A2;VMUVP1_4251DD_FUKUXI;33
474;TOQM3OEW0I;RK2AY_AORFQ;2473
475;LC75MB131D;6U_RQP5V;23
476;KN15058R12;H2_WAD6J;1723
477;YND9RAGUJI;UDO_3HV;4664
478;434PK7G4FT;H7G4ZA_H9O;401
479;X9V72EBKI0;KE_C87OL2_NJ;994
480;TEE24XE3OK;H2_WAD6J;2297
481;KEYWA1FH86;6U_RQP5V;4824
482;MYAKAU7N86;RK2AY_AORFQ;842
483;3YH8EN326Y;0IG3_CV_WF;588
484;0EDRPN5WOD;ZN1JB_R6VD8I;1080
485;UNBF9GZIHS;H2_WAD6J;4286
486;QWGOWOVQO9;5DH19E_EX_UU8;2084
487;EJCYK2OBDN;UDO_3HV;560
488;7J5GPHUWYM;RK2AY_AORFQ;4117
489;FONSHZP71M;H7G4ZA_H9O;3684
490;2JTKCB7E1C;UDO_3HV;726
491;YV0D9675O2;5DH19E_EX_UU8;1807
492;BE3U2R7FMJ;0IG3_CV_WF;153
493;14WJTCDRXX;6U_RQP5V;3359
494;CALQ3YV5QW;0IG3_CV_WF;2909
495;5W59W59CYE;VMUVP1_4251DD_FUKUXI;1979
496;7N0FFZKP1D;H7G4ZA_H9O;1461
497;UJR4DR74RT;ZN1JB_R6VD8I;1894
498;LIT5OHPFC3;5DH19E_EX_UU8;2339
499;1OMIC9ILNZ;5DH19E_EX_UU8;1038
500;PL5Y9NJ99Y;6U_RQP5V;2675
501;W3FGCWCWZL;KE_C87OL2_NJ;2390
502;UWQHKC9D0N;0IG3_CV_WF;4983
503;YTHPMAJYIT;ZN1JB_R6VD8I;4798
504;2DW4V7U2Q9;RK2AY_AORFQ;3798
505;MDV1PIRA03;VMUVP1_4251DD_FUKUXI;2634
506;VC6UNIOETI;KE_C87OL2_NJ;1324
507;WINJLFNPLP;KE_C87OL2_NJ;3657
508;TPWUAMUA4Q;6U_RQP5V;4433
509;KD8GNRL2R7;H2_WAD6J;260
510;K3CPEONZ45;UDO_3HV;2362
511;LZD6K1J3JP;UDO_3HV;3565
512;4RYZZZ9VT0;VMUVP1_4251DD_FUKUXI;2417
513;4XETSEBVNR;0IG3_CV_WF;2623
514;6B2WG70L7P;5DH19E_EX_UU8;2527
515;64Y48209MJ;KE_C87OL2_NJ;518
516;1B3V6WRMPV;KE_C87OL2_NJ;1305
517;PTNI96PSVX;6U_RQP5V;4389
518;UXKPQ7FXD4;UDO_3HV;1367
519;UTD7HT22V8;0IG3_CV_WF;1060
520;V3RN25IXS1;5DH19E_EX_UU8;1857
521;KZN3ITIXKM;H2_WAD6J;191
522;OSMBPD6WGX;ZN1JB_R6VD8I;264
523;FZB3JDQBKW;0IG3_CV_WF;431
524;50OIJOJOC7;6U_RQP5V;3544
525;KW71Q7AEZI;0IG3_CV_WF;2363
526;T06Q4CN7NJ;6U_RQP5V;2653
527;3V0HW02FG2;RK2AY_AORFQ;1573
528;ETGJAO4SWV;H2_WAD6J;1348
529;986K8UM6L6;UDO_3HV;1627
530;I5ON423CTZ;ZN1JB_R6VD8I;4738
531;O8I9O4A1YH;6U_RQP5V;1007
532;LGV64QU7WG;KE_C87OL2_NJ;3160
533;KA0VP8XVB3;UDO_3HV;2146
534;AANP7EYXY9;0IG3_CV_WF;1107
535;ZXXE4OY3EH;UDO_3HV;1479
536;TD7ZSL2YJF;0IG3_CV_WF;1087
537;W9KCH96ME7;KE_C87OL2_NJ;2282
538;TCWXQTWMP7;VMUVP1_4251DD_FUKUXI;1527
539;HPLNYYQE1A;6U_RQP5V;2787
540;RX9HXR26HD;ZN1JB_R6VD8I;249
541;RW9VLRCU31;RK2AY_AORFQ;4385
542;98ZKFOR41G;RK2AY_AORFQ;2748
543;XHUIL0HMNS;H2_WAD6J;2599
544;JUR0JZPICJ;H7G4ZA_H9O;1752
545;MJRVCF1ZAG;VMUVP1_4251DD_FUKUXI;4111
546;08D0S1735H;VMUVP1_4251DD_FUKUXI;2843
547;M6TR2WV857;ZN1JB_R6VD8I;2051
548;LK92ITXJJM;ZN1JB_R6VD8I;762
549;WMY9SDDI5H;6U_RQP5V;1165
550;447R54UAOE;H7G4ZA_H9O;4613
551;0U2FVKNCR4;RK2AY_AORFQ;3914
552;15X48W890W;VMUVP1_4251DD_FUKUXI;3802
553;K6BABZQ532;6U_RQP5V;4282
554;4DZI6VDIJT;5DH19E_EX_UU8;320
555;9KW5YL04W1;KE_C87OL2_NJ;649
556;V3NTQJL1ZJ;KE_C87OL2_NJ;717
557;62DKVV5M9D;0IG3_CV_WF;1796
558;BOLCUI625O;ZN1JB_R6VD8I;1271
559;QEFEPQFIUU;VMUVP1_4251DD_FUKUXI;1195
560;AWMWPCYOFF;ZN1JB_R6VD8I;3610
561;W6MCTKX68J;0IG3_CV_WF;3614
562;UL3YE5HI2D;0IG3_CV_WF;4245
563;H2X4F4KM7M;VMUVP1_4251DD_FUKUXI;3001
564;RKGI906BMC;RK2AY_AORFQ;2417
565;UIPG66QTLH;VMUVP1_4251DD_FUKUXI;61
566;EO5R44T1ZK;H7G4ZA_H9O;2729
567;RFS4RKEIIF;5DH19E_EX_UU8;2479
568;OHMPVRXU36;ZN1JB_R6VD8I;3374
569;SYHKTPNBPU;H7G4ZA_H9O;2732
570;M7BVTURVH3;UDO_3HV;97
571;UGC4WUEGL7;ZN1JB_R6VD8I;4064
572;MU3YTBKBQR;VMUVP1_4251DD_FUKUXI;3869
573;XGWW3R7W70;H2_WAD6J;2831
574;13MPFIGBY3;H2_WAD6J;3333
575;B0KWKU7LY6;RK2AY_AORFQ;796
576;LU76HYQEM2;VMUVP1_4251DD_FUKUXI;1246
577;K92EDE6QJH;0IG3_CV_WF;733
578;Q5M85TO7Z4;5DH19E_EX_UU8;921
579;T8BSHYB2UL;6U_RQP5V;1352
580;471FN01CLA;H7G4ZA_H9O;4813
581;AH9H1KHGE5;VMUVP1_4251DD_FUKUXI;106
582;VKT6V54DZX;H7G4ZA_H9O;1220
583;3GMKN2R7Q5;6U_RQP5V;916
584;ZM47MMHX4N;ZN1JB_R6VD8I;3028
585;HD4JX6T6PW;6U_RQP5V;576
586;RDSQ8WKA2B;5DH19E_EX_UU8;1498
587;4A7NYCYCYC;KE_C87OL2_NJ;4611
588;2W1877LQXG;5DH19E_EX_UU8;2791
589;2OAZENFJK6;6U_RQP5V;4252
590;B43GBW3R48;6U_RQP5V;3249
591;H4B55SD2YX;0IG3_CV_WF;457
592;9LQ6Z2A564;KE_C87OL2_NJ;2397
593;B7F29XM2OJ;ZN1JB_R6VD8I;1748
594;FG2S1UCC3F;5DH19E_EX_UU8;1839
595;2VQLBP4DF1;VMUVP1_4251DD_FUKUXI;1925
596;OXAU71WRL0;H7G4ZA_H9O;260
597;OI99SEB88A;VMUVP1_4251DD_FUKUXI;3730
598;10YE9M42KS;6U_RQP5V;4148
599;P5XFBAOFHB;6U_RQP5V;4595
600;U6JCHM7D3G;H2_WAD6J;998
601;J3PC5DOLPB;5DH19E_EX_UU8;43
602;6IOP9OXUM1;0IG3_CV_WF;3004
603;I1C4LOR42T;5DH19E_EX_UU8;2584
604;S6XZM64H5F;H7G4ZA_H9O;67
605;NZTCZAGOBB;KE_C87OL2_NJ;1685
606;P3R8R3XC1I;VMUVP1_4251DD_FUKUXI;2519
607;HIVTP36XAR;0IG3_CV_WF;4714
608;SFW1NGZ0AU;UDO_3HV;3257
609;495BUYTU7N;VMUVP1_4251DD_FUKUXI;4149
610;OPVOUY0RMZ;5DH19E_EX_UU8;4453
611;QO33MGG0RT;H7G4ZA_H9O;2110
612;RS3ECGU5E3;6U_RQP5V;2860
613;H407EDB88P;5DH19E_EX_UU8;4997
614;0KAVBCUJKD;KE_C87OL2_NJ;1855
615;UTLCNA1FF3;UDO_3HV;2032
616;R9133Q8X3E;ZN1JB_R6VD8I;2366
617;MTOILET9O2;VMUVP1_4251DD_FUKUXI;4740
618;5X6IBPD2KO;H2_WAD6J;864
619;EKTQ675HRQ;5DH19E_EX_UU8;4711
620;XVJ38QACA9;0IG3_CV_WF;3077
621;45URV91F63;UDO_3HV;1043
622;HONJSVKTCK;H2_WAD6J;4709
623;0SRKHRM7YI;0IG3_CV_WF;3868
624;9WP0CBXHHO;6U_RQP5V;441
625;MUSI1XOHC0;RK2AY_AORFQ;3555
626;9MIOL430E0;H7G4ZA_H9O;1527
627;XAAXZTF11U;KE_C87OL2_NJ;1704
628;BBQWKGYFJ8;H7G4ZA_H9O;1288
629;CIZE6EQMFE;0IG3_CV_WF;3032
630;JUXG40ENY1;H7G4ZA_H9O;4376
631;5URACG0OF7;6U_RQP5V;335
632;UEG4U2RY5F;VMUVP1_4251DD_FUKUXI;2696
633;EPSYWWW522;H7G4ZA_H9O;2819
634;WG90SUIN5F;0IG3_CV_WF;1171
635;G8AHG6NGJ9;KE_C87OL2_NJ;1776
636;CDCBTQW1PS;0IG3_CV_WF;554
637;EH5A5OCTEQ;UDO_3HV;4704
638;984XPNLZCW;ZN1JB_R6VD8I;1876
639;WQ4LRE5ULC;KE_C87OL2_NJ;3272
640;EEM8SMWZJF;KE_C87OL2_NJ;3253
641;Z17TDU4OVO;UDO_3HV;1174
642;OPH9Q4KMLH;6U_RQP5V;4555
643;E1JH1OY4L4;ZN1JB_R6VD8I;921
644;XXPQBUQK7B;KE_C87OL2_NJ;2897
645;RQBEOI0QYY;0IG3_CV_WF;4585
646;LILZYT5URD;ZN1JB_R6VD8I;2998
647;2H9AUAN0HI;0IG3_CV_WF;1676
648;C4W4JQMWDS;VMUVP1_4251DD_FUKUXI;953
649;5I7CPRC9CO;H2_WAD6J;2370
650;453YA84Z9A;UDO_3HV;1735
651;DCYYN6ZDLP;ZN1JB_R6VD8I;1596
652;G7LSZVCRN7;H7G4ZA_H9O;2629
653;VQ2735LFHM;H2_WAD6J;3256
654;485FB0UD4B;UDO_3HV;4495
655;96WBVE5XYI;H7G4ZA_H9O;339
656;7SQISKO9HX;H7G4ZA_H9O;3970
657;CZ0DKZ8W9K;ZN1JB_R6VD8I;4209
658;OS8RQVGSCD;VMUVP1_4251DD_FUKUXI;2247
659;A29D92NFRL;VMUVP1_4251DD_FUKUXI;2799
660;ZEKNSOH0KO;0IG3_CV_WF;3826
661;J4YWDWXY8V;0IG3_CV_WF;1862
662;YUONW04D7W;H7G4ZA_H9O;169
663;HRHLJPCMQG;UDO_3HV;3124
664;ZHQQN53ABD;6U_RQP5V;4573
665;QRREZXSSGF;6U_RQP5V;799
666;T0ALE56JQQ;6U_RQP5V;2623
667;7K3Y2EQV4E;VMUVP1_4251DD_FUKUXI;2270
668;B1TG67XM3W;VMUVP1_4251DD_FUKUXI;3831
669;HN3JLAOK1Z;H7G4ZA_H9O;3718
670;QUFRQ0PSOY;VMUVP1_4251DD_FUKUXI;1095
671;ODUTTD6C7P;5DH19E_EX_UU8;4620
672;PLWW4JRX7E;UDO_3HV;2022
673;C4S4119JRN;KE_C87OL2_NJ;1761
674;72ADHZX9H3;H2_WAD6J;3703
675;4TUC9MG7CI;UDO_3HV;1343
676;LH0R0GF3QC;5DH19E_EX_UU8;3841
677;CH292RKKMO;6U_RQP5V;2035
678;THYXGA6KIN;ZN1JB_R6VD8I;1062
679;1QOSW305NU;H7G4ZA_H9O;2814
680;Z6W83U63YS;H2_WAD6J;338
681;DQ5SEQ2MP7;ZN1JB_R6VD8I;3002
682;MIZ3ZPQ16I;KE_C87OL2_NJ;3618
683;0ETXYFDWOA;ZN1JB_R6VD8I;2956
684;IOVKUSPVSS;VMUVP1_4251DD_FUKUXI;1932
685;NLOMM98JO2;0IG3_CV_WF;1400
686;P4MYGESVHY;H7G4ZA_H9O;2422
687;KOWGXXQDQW;KE_C87OL2_NJ;3090
688;KMCU1I64ZS;VMUVP1_4251DD_FUKUXI;3937
689;PQCJG5K6AK;6U_RQP5V;4494
690;BJEOVIJ2WA;6U_RQP5V;3207
691;3NMN0XVWTR;6U_RQP5V;319
692;DEDK0YYORC;H7G4ZA_H9O;688
693;RZE2KBC4N8;VMUVP1_4251DD_FUKUXI;1365
694;EONS4EDGHU;5DH19E_EX_UU8;4363
695;NN5Y7ROZUK;0IG3_CV_WF;1447
696;YG80HCA3FD;VMUVP1_4251DD_FUKUXI;4251
697;TFHRL2JFL4;ZN1JB_R6VD8I;124
698;B89VT12NTF;ZN1JB_R6VD8I;3274
699;XV8U3M4YRX;0IG3_CV_WF;323
700;1V0L4EAM8H;6U_RQP5V;2327
701;7HTE85EEI3;VMUVP1_4251DD_FUKUXI;1073
702;T74YDX6UB9;H2_WAD6J;1628
703;67L8EILMAR;6U_RQP5V;2409
704;QDODR9RZN2;VMUVP1_4251DD_FUKUXI;4546
705;BYCQIK660N;0IG3_CV_WF;4696
706;CZBGMRP9V5;6U_RQP5V;2610
707;JYGJ3KVXT8;0IG3_CV_WF;2026
708;JCAWB19XYM;0IG3_CV_WF;3459
709;EIGAVEKRXN;VMUVP1_4251DD_FUKUXI;2566
710;EV17220DF2;0IG3_CV_WF;2440
711;LU1ZD0KP9Q;5DH19E_EX_UU8;4870
712;CT9BGAX03X;H7G4ZA_H9O;3078
713;HFN1O150OX;H7G4ZA_H9O;2031
714;QENY30Q1LV;UDO_3HV;767
715;M8XRRDGF2T;6U_RQP5V;1572
716;ANT7EJD0DQ;0IG3_CV_WF;4481
717;QF342PWZP0;VMUVP1_4251DD_FUKUXI;825
718;IHSQDOQKX9;0IG3_CV_WF;2016
719;7SGBCU1JCB;RK2AY_AORFQ;4440
720;DQP9XKCVPH;VMUVP1_4251DD_FUKUXI;1896
721;QTXU67MK9F;0IG3_CV_WF;1069
722;K0J11K4F08;H2_WAD6J;3978
723;T1G6FRYY7Y;6U_RQP5V;4644
724;3SX1VSNYSP;6U_RQP5V;3755
725;2FUF0D08G6;H7G4ZA_H9O;4685
726;7EVCOV7Y9A;VMUVP1_4251DD_FUKUXI;734
727;1JY5DGSQ7L;5DH19E_EX_UU8;3185
728;XNX8BC1KM4;KE_C87OL2_NJ;4626
729;MKUVO80SJL;KE_C87OL2_NJ;1878
730;S7ENXO161Q;6U_RQP5V;819
731;EMC1IFBPC6;ZN1JB_R6VD8I;168
732;GLHP1JTN3A;5DH19E_EX_UU8;947
733;XXQ4FODGVN;H2_WAD6J;151
734;YICJ9ZF3KK;H2_WAD6J;2507
735;ERTR804OQD;VMUVP1_4251DD_FUKUXI;4141
736;C8SD499DFT;UDO_3HV;1232
737;38CRE5KXLJ;RK2AY_AORFQ;4446
738;XLVT6KEW65;H2_WAD6J;770
739;P6ADP604EP;VMUVP1_4251DD_FUKUXI;1274
740;7TRX1IXIHU;RK2AY_AORFQ;4331
741;CO65R2887E;0IG3_CV_WF;4271
742;BGLG7KQCHI;5DH19E_EX_UU8;4820
743;DNX9O05VYC;RK2AY_AORFQ;673
744;459S02MW3T;RK2AY_AORFQ;1211
745;54AFANV4TO;ZN1JB_R6VD8I;4066
746;FDUSNGVYWC;5DH19E_EX_UU8;2278
747;Z9FJRGRBYI;ZN1JB_R6VD8I;1033
748;J05H6ML00P;KE_C87OL2_NJ;590
749;WZVWVYA09F;RK2AY_AORFQ;997
750;ZN1HG7Y2H2;H2_WAD6J;4417
751;7RLEGBZ6QO;0IG3_CV_WF;4230
752;OFR4F4ARCQ;6U_RQP5V;408
753;V2ZF6A5WSJ;5DH19E_EX_UU8;2405
754;9N6V3M08HS;0IG3_CV_WF;1826
755;ROBUBADNBV;UDO_3HV;496
756;ZQJ23ITKED;KE_C87OL2_NJ;4685
757;92K0MM9E0C;RK2AY_AORFQ;1547
758;1UXWSVAVP3;0IG3_CV_WF;2600
759;9OW47DIVBO;5DH19E_EX_UU8;3588
760;10WBNFGYCQ;VMUVP1_4251DD_FUKUXI;3270
761;KY8VVGGV2I;RK2AY_AORFQ;1325
762;L0NIYAZALI;H2_WAD6J;3949
763;L8KZTIC7EJ;5DH19E_EX_UU8;3099
764;LZ3K08C4NZ;H2_WAD6J;4450
765;1CE5KYBVM1;5DH19E_EX_UU8;2067
766;8L6U39VKBB;ZN1JB_R6VD8I;3566
767;6DRDXQOAQE;H7G4ZA_H9O;1425
768;SOYFPD66XX;H2_WAD6J;2554
769;25U87QW3UF;RK2AY_AORFQ;196
770;TBB4H5GD03;ZN1JB_R6VD8I;1278
771;58D7K13CEY;6U_RQP5V;1689
772;G70R9VZD1O;H7G4ZA_H9O;714
773;OHZH4RMILI;H7G4ZA_H9O;1124
774;J4O1IOFTU7;0IG3_CV_WF;4647
775;2AM7AS1423;VMUVP1_4251DD_FUKUXI;3884
776;AP9EX9IRU9;RK2AY_AORFQ;1153
777;J4PWYEXQF5;5DH19E_EX_UU8;1473
778;7Y7TKBNYK1;VMUVP1_4251DD_FUKUXI;1492
779;S7KF4RTLOQ;RK2AY_AORFQ;1031
780;P57N7GYDPE;ZN1JB_R6VD8I;4861
781;QC8I3SBNEA;0IG3_CV_WF;2669
782;09CFAFM2N7;0IG3_CV_WF;3352
783;ZT09NU6RIQ;RK2AY_AORFQ;428
784;8AJGV2WAY9;UDO_3HV;3364
785;8DH7BI683H;ZN1JB_R6VD8I;1857
786;3BWCNN6D01;5DH19E_EX_UU8;1891
787;EHIQQUX3HB;H7G4ZA_H9O;4768
788;AYEKL70M6D;H2_WAD6J;1613
789;0Z1Q1UFBZV;H2_WAD6J;443
790;1WZQAP97PN;H7G4ZA_H9O;1519
791;I6ZWIEEITK;KE_C87OL2_NJ;804
792;7EFRA10R14;H7G4ZA_H9O;1390
793;FSO27O0Y7O;KE_C87OL2_NJ;3812
794;85C9TKD53L;H7G4ZA_H9O;759
795;IGMSJRMBA4;5DH19E_EX_UU8;2527
796;3TO3P4ESWP;VMUVP1_4251DD_FUKUXI;1669
797;C3H04BYAPG;0IG3_CV_WF;1965
798;E5DRT7TSFK;UDO_3HV;2062
799;QYK08DA6NX;H7G4ZA_H9O;4559
800;C52BACXAAB;UDO_3HV;1769
801;7E1ADQ286L;H7G4ZA_H9O;2979
802;GZJP38YMI2;VMUVP1_4251DD_FUKUXI;1273
803;GGL4D0LWYH;ZN1JB_R6VD8I;3877
804;53K882VDUE;ZN1JB_R6VD8I;3401
805;Z7F6VSORS4;H2_WAD6J;3002
806;WU32JD37C2;RK2AY_AORFQ;4123
807;5HLIH1YOD8;0IG3_CV_WF;2138
808;0FN5NSECM1;6U_RQP5V;1727
809;R1QVA68W7A;H2_WAD6J;3393
810;UF0XFOE7MW;H7G4ZA_H9O;3326
811;5Q2JOSA6FJ;VMUVP1_4251DD_FUKUXI;3128
812;NM3EJPUBM4;H7G4ZA_H9O;1974
813;OQ6HSIN64C;5DH19E_EX_UU8;1133
814;LL7I0VMWDD;ZN1JB_R6VD8I;1699
815;77C8PTCOFY;0IG3_CV_WF;2435
816;06MI8W47GA;H2_WAD6J;1712
817;DSY4XDQITF;UDO_3HV;1693
818;ZTN4FZRQQR;6U_RQP5V;2352
819;4AVC74KN03;VMUVP1_4251DD_FUKUXI;4891
820;A5QC2Y8T40;KE_C87OL2_NJ;1195
821;5NCHHDHQGU;KE_C87OL2_NJ;424
822;H58EDH73I3;H2_WAD6J;1172
823;BZGLFTVQJF;H2_WAD6J;4758
824;85C6POBDCJ;RK2AY_AORFQ;621
825;YBM96TUTC2;KE_C87OL2_NJ;2608
826;IS4GEY4HSN;H7G4ZA_H9O;1558
827;K8ZMPQCYT5;5DH19E_EX_UU8;4806
828;363ZMSEPLT;VMUVP1_4251DD_FUKUXI;3270
829;93GHGBAN1R;KE_C87OL2_NJ;686
830;L4XXCIBSIQ;VMUVP1_4251DD_FUKUXI;3657
831;PL5AWP74Q1;ZN1JB_R6VD8I;4843
832;NR02HKYFCS;H2_WAD6J;1693
833;0QLMR7Z83E;5DH19E_EX_UU8;4184
834;GWRTWXYMKS;5DH19E_EX_UU8;4180
835;H7M34492NH;KE_C87OL2_NJ;1638
836;9FFHHL5HFT;H7G4ZA_H9O;1006
837;STLTVD0OT2;0IG3_CV_WF;2022
838;F9HSV716EA;UDO_3HV;4267
839;BOIXDWJCFH;KE_C87OL2_NJ;3557
840;XXK3WBGZHY;0IG3_CV_WF;624
841;RIHG4SILRN;0IG3_CV_WF;304
842;HI02FLD55Q;KE_C87OL2_NJ;3294
843;XXARUMF86F;6U_RQP5V;4039
844;XRB9YR05YH;KE_C87OL2_NJ;3907
845;5WXB538NUB;UDO_3HV;817
846;UVTO7L88D5;0IG3_CV_WF;3851
847;MW4N6MNUP3;6U_RQP5V;302
848;XTVM4ZFI51;0IG3_CV_WF;1585
849;Q5GVI60EZE;KE_C87OL2_NJ;371
850;BUQPMF0J95;5DH19E_EX_UU8;651
851;IB7JIQDFKK;5DH19E_EX_UU8;2338
852;TOYMX48TCH;KE_C87OL2_NJ;2867
853;A0DJK0OA3L;6U_RQP5V;4247
854;3ACS1Q8UF7;ZN1JB_R6VD8I;1651
855;F2ZX83UOBK;KE_C87OL2_NJ;3089
856;04CZM6NGFS;H7G4ZA_H9O;1417
857;U7B63GOOLR;UDO_3HV;2742
858;WXWOLC67AW;ZN1JB_R6VD8I;2077
859;MMW2N9TNOE;0IG3_CV_WF;4676
860;B6AOWJSQGE;5DH19E_EX_UU8;2654
861;8U671F0S6S;UDO_3HV;4739
862;IFKGANMNGH;5DH19E_EX_UU8;858
863;75YOCLWMRB;H2_WAD6J;414
864;2PTQYCFKVM;6U_RQP5V;3536
865;2DHMN6JEIA;KE_C87OL2_NJ;3061
866;B65C9HG7FF;H7G4ZA_H9O;4149
867;90PHDBY6X7;H2_WAD6J;3471
868;WD5Z0R2MR9;UDO_3HV;547
869;LL4MKZ3A42;5DH19E_EX_UU8;1161
870;1BYC31NTFZ;5DH19E_EX_UU8;1590
871;KF06VK8JAT;UDO_3HV;4857
872;GKJ5N9APPV;H2_WAD6J;194
873;CVFYSFY0VP;VMUVP1_4251DD_FUKUXI;4386
874;0Y1LPLOAWT;KE_C87OL2_NJ;4983
875;J0CW311DJR;RK2AY_AORFQ;1884
876;MJ3S9GEHKR;VMUVP1_4251DD_FUKUXI;4664
877;5IPYVSKFQX;KE_C87OL2_NJ;348
878;VDM2DV12CN;UDO_3HV;2456
879;PCZ7GA4L4D;KE_C87OL2_NJ;2695
880;GREQSDDCBT;H2_WAD6J;367
881;ZEUEQKJD2C;H2_WAD6J;4522
882;TU2R3885FR;H7G4ZA_H9O;2434
883;HGLKW0ES1O;UDO_3HV;3721
884;EL9DNQY91B;ZN1JB_R6VD8I;536
885;B6JGKMRFN5;H2_WAD6J;2771
886;1E22DMAF5I;ZN1JB_R6VD8I;409
887;FXLBXBD39M;6U_RQP5V;4253
888;R98RTJ6KR1;H7G4ZA_H9O;1608
889;6J2FF77G7X;RK2AY_AORFQ;2681
890;QWM6TP5VBJ;H7G4ZA_H9O;1567
891;T3UN8Z96FK;ZN1JB_R6VD8I;1619
892;Z485V2JV3Q;KE_C87OL2_NJ;4006
893;J79AQV6PHQ;RK2AY_AORFQ;529
894;MK5JL9URCM;RK2AY_AORFQ;4979
895;FXL89TUMBA;0IG3_CV_WF;4684
896;PWV8KVWVB3;RK2AY_AORFQ;4273
897;O9J95Z7NTI;H7G4ZA_H9O;2824
898;6AL3K9H4N6;H2_WAD6J;4801
899;UC1B2NPZOP;5DH19E_EX_UU8;3649
900;2ZGZP7Z0TQ;0IG3_CV_WF;1962
901;ZBX024H7AA;UDO_3HV;1040
902;B83EQX55ST;6U_RQP5V;439
903;NUZNEKPL7E;H2_WAD6J;4871
904;20NDLI4H8N;6U_RQP5V;1043
905;QVP6HLNVEX;ZN1JB_R6VD8I;2017
906;OYOIE9K8MT;RK2AY_AORFQ;3921
907;O5HW8V6FC8;RK2AY_AORFQ;269
908;MHG0WE36DN;RK2AY_AORFQ;4200
909;SUN93JZB9Q;H2_WAD6J;989
910;7MEE5N9HR9;ZN1JB_R6VD8I;4046
911;CUU790HQC6;0IG3_CV_WF;4863
912;H8LA8447DS;KE_C87OL2_NJ;2724
913;9YFDHRR1OR;VMUVP1_4251DD_FUKUXI;3717
914;VXVMFHITI1;UDO_3HV;4703
915;UHSLO9BBQ7;6U_RQP5V;2799
916;P5MZ5M6BDM;5DH19E_EX_UU8;4036
917;H9AOH6D3PG;ZN1JB_R6VD8I;2046
918;POZ830O6RW;6U_RQP5V;2797
919;PX61ZY6W4F;ZN1JB_R6VD8I;3068
920;X0ON3CH697;UDO_3HV;2445
921;HLB7TMK0YW;H7G4ZA_H9O;1063
922;NSP3WXJLEO;VMUVP1_4251DD_FUKUXI;3994
923;NWBMOP31AI;UDO_3HV;2875
924;ZJ64QMYIU4;H7G4ZA_H9O;43
925;U3UXHOD7Y2;H2_WAD6J;4790
926;MXGNJJLUEZ;0IG3_CV_WF;4734
927;MT3DS0HN0F;H2_WAD6J;4826
928;JJVAA41561;H2_WAD6J;4101
929;XCM25H85OM;ZN1JB_R6VD8I;3470
930;6I5RR0DY0X;H7G4ZA_H9O;2371
931;TGADDUWY15;H7G4ZA_H9O;4312
932;XSOJ8OC6TA;5DH19E_EX_UU8;4951
933;O6IB28G6Z0;RK2AY_AORFQ;4196
934;56RKFT0TQG;VMUVP1_4251DD_FUKUXI;68
935;EITB9024K4;VMUVP1_4251DD_FUKUXI;3101
936;R3K9MHEU8F;VMUVP1_4251DD_FUKUXI;511
937;FETNUZA6NO;KE_C87OL2_NJ;23
938;BVYIZO293Y;VMUVP1_4251DD_FUKUXI;151
939;CJ401J8ZMD;UDO_3HV;2430
940;GRKYLU59M7;KE_C87OL2_NJ;1
941;MMW3FGCH70;RK2AY_AORFQ;290
942;KWI1UXNAN8;H2_WAD6J;4356
943;5WIJL2XSZD;UDO_3HV;3449
944;RP5GL6Q7AZ;VMUVP1_4251DD_FUKUXI;4375
945;1NS684SGHM;6U_RQP5V;1863
946;JJ01BYH3DU;6U_RQP5V;2054
947;HQU3QGPAEV;RK2AY_AORFQ;273
948;D9S4QALI9N;0IG3_CV_WF;813
949;L5X0HMUZ2T;H7G4ZA_H9O;4978
950;PYNPBERFT9;RK2AY_AORFQ;3571
951;4FUOQCV604;ZN1JB_R6VD8I;1166
952;1PZ34YPSED;ZN1JB_R6VD8I;3533
953;PIV2O0DSMT;H2_WAD6J;25
954;V591434NLV;5DH19E_EX_UU8;2910
955;R60JQIFJ0G;RK2AY_AORFQ;566
956;1VRGIOFFIM;5DH19E_EX_UU8;2784
957;6SK1FGML2Z;5DH19E_EX_UU8;4128
958;PWIVEPO6YT;KE_C87OL2_NJ;309
959;I0JAMFX748;ZN1JB_R6VD8I;873
960;7HE56W9OQ4;6U_RQP5V;58
961;FCOC270TXD;H2_WAD6J;2590
962;E2YVN4UHAW;VMUVP1_4251DD_FUKUXI;4222
963;KALOQ6GCIM;H2_WAD6J;939
964;G6XPLE4WAQ;H7G4ZA_H9O;4625
965;UCJ2RIM3QC;6U_RQP5V;340
966;O73JKHDRZA;KE_C87OL2_NJ;1595
967;GK4MAX882J;H2_WAD6J;330
968;A7L4ACGISA;0IG3_CV_WF;967
969;Y6GGPDE4V0;6U_RQP5V;2711
970;GWJC2M5RS3;5DH19E_EX_UU8;2821
971;PWNPJJB6TE;UDO_3HV;3059
972;L43V2RPHWN;VMUVP1_4251DD_FUKUXI;2279
973;6JSQD16ZGY;H2_WAD6J;1358
974;VIWO9O9537;KE_C87OL2_NJ;4175
975;LRJZ8O6DV2;H2_WAD6J;47
976;PLN9HV5ZB7;KE_C87OL2_NJ;3272
977;KGKYJAEZUB;H2_WAD6J;1524
978;S8D6GRCKM6;5DH19E_EX_UU8;2810
979;853PY5SKTO;5DH19E_EX_UU8;366
980;ML54JRIN66;5DH19E_EX_UU8;2469
981;AIU4OHOJKA;KE_C87OL2_NJ;252
982;T4RDIOKOOF;H7G4ZA_H9O;4963
983;H8ENF5W3FQ;RK2AY_AORFQ;2900
984;L7IK48KOF8;UDO_3HV;452
985;HLBHICGWV7;RK2AY_AORFQ;565
986;VYU6VVWFID;6U_RQP5V;4294
987;XXQKHWEXPQ;ZN1JB_R6VD8I;2371
988;T9Q2ABVXV1;UDO_3HV;3372
989;IHU5X3WN6F;VMUVP1_4251DD_FUKUXI;3900
990;OM49HBUH6R;H2_WAD6J;2193
991;0SCBDM170L;UDO_3HV;3286
992;PM3JZNLDAD;0IG3_CV_WF;1013
993;31VXIOEG82;UDO_3HV;2746
994;GBOLILW4WU;0IG3_CV_WF;1407
995;FI86XY2BP9;0IG3_CV_WF;1243
996;4VAR1GCPVN;UDO_3HV;1626
997;I71SYUR6BT;H7G4ZA_H9O;3526
998;15SJ5Z3WHP;6U_RQP5V;2082
999;T89IHD4HXO;H2_WAD6J;417
1000;K3QQKE1O75;5DH19E_EX_UU8;1388
1001;LKJR1TERLS;6U_RQP5V;836
1002;9SQNZTXQFS;RK2AY_AORFQ;1324
1003;H1QLZKYEMC;H7G4ZA_H9O;4598
1004;F5FZXL01Q4;RK2AY_AORFQ;2718
1005;IXAJEZUJR5;H2_WAD6J;3830
1006;SA7MT0B9BH;ZN1JB_R6VD8I;4183
1007;78XMWB85XM;ZN1JB_R6VD8I;3737
1008;YK3YGW6VT3;6U_RQP5V;2119
1009;GQE2O9KBHA;RK2AY_AORFQ;1030
1010;OFO3R0Y2IH;VMUVP1_4251DD_FUKUXI;1131
1011;VDM90ID58L;KE_C87OL2_NJ;3486
1012;3LD5MR9IRM;0IG3_CV_WF;4781
1013;LNJLTMGDLH;ZN1JB_R6VD8I;3414
1014;VRS02WBQLN;UDO_3HV;4644
1015;AAQ4LCYKJP;H2_WAD6J;1439
1016;Q9IVR68C74;RK2AY_AORFQ;3213
1017;O9H9M86UOG;KE_C87OL2_NJ;294
1018;5G2472LBXI;5DH19E_EX_UU8;2159
1019;TDIRGZ9PMM;H7G4ZA_H9O;850
1020;8939HP1QCJ;6U_RQP5V;2308
1021;KNRD0UD2SQ;KE_C87OL2_NJ;4497
1022;7YYVJE7MXY;5DH19E_EX_UU8;4386
1023;Z8OH6EC3LR;VMUVP1_4251DD_FUKUXI;3001
1024;GDIMTR9V9G;H2_WAD6J;417
1025;Z1KLIJF1KP;RK2AY_AORFQ;2519
1026;QG039DKHBO;0IG3_CV_WF;156
1027;LFA7IIXB28;VMUVP1_4251DD_FUKUXI;1651
1028;2D9DO39IT3;VMUVP1_4251DD_FUKUXI;4271
1029;EFTNCWKGFS;H2_WAD6J;4670
1030;3DYN4L53OM;VMUVP1_4251DD_FUKUXI;3946
1031;OMIVNA1U30;H7G4ZA_H9O;3179
1032;QHI4MU1035;UDO_3HV;4915
1033;UHT8Q0TCZR;5DH19E_EX_UU8;34
1034;WP0LYP82BY;H2_WAD6J;2392
1035;XPC0AEHV6D;5DH19E_EX_UU8;3141
1036;NE4JFT7Q5E;0IG3_CV_WF;453
1037;1JWYQ3OQ2O;UDO_3HV;4808
1038;91BCA2X87T;VMUVP1_4251DD_FUKUXI;4622
1039;KWRQYOLFGP;VMUVP1_4251DD_FUKUXI;1483
1040;U0IALOOPHB;6U_RQP5V;1496
1041;CGGQ2IGIU7;0IG3_CV_WF;3837
1042;628T9NVG5Y;ZN1JB_R6VD8I;1724
1043;CUXZFUJZT0;UDO_3HV;2980
1044;LULW651N8Q;VMUVP1_4251DD_FUKUXI;4694
1045;WI91BYU9OP;KE_C87OL2_NJ;2954
1046;E6QWNE8E0R;RK2AY_AORFQ;2282
1047;5EYDQ33KFY;RK2AY_AORFQ;4342
1048;3SOCJCTM8Q;VMUVP1_4251DD_FUKUXI;3774
1049;FJ09QG9HCH;ZN1JB_R6VD8I;605
1050;RCPOXPYON1;KE_C87OL2_NJ;2411
1051;GSV90SZJYD;KE_C87OL2_NJ;2319
1052;OF27FD6STS;RK2AY_AORFQ;4405
1053;ZELUJMA67U;RK2AY_AORFQ;3423
1054;M7PHZ0L6MO;0IG3_CV_WF;3841
1055;0X2UX8FNFX;5DH19E_EX_UU8;1677
1056;SRMASC2IJ9;UDO_3HV;3075
1057;Y4W9K2QOPA;UDO_3HV;4242
1058;8PC9ZNFTCA;H2_WAD6J;3214
1059;H4D48TTNM8;KE_C87OL2_NJ;3202
1060;3V50M639NU;ZN1JB_R6VD8I;1156
1061;MW7XJVSNH5;0IG3_CV_WF;1974
1062;NZO024AFFA;H7G4ZA_H9O;3420
1063;SKK9IADZ75;RK2AY_AORFQ;1520
1064;TK9KI5QUUD;6U_RQP5V;1692
1065;ANBCA0ATSC;UDO_3HV;4009
1066;8XLPB6HUNQ;KE_C87OL2_NJ;1911
1067;8YIY4RR0E8;5DH19E_EX_UU8;4646
1068;YXZFYUCZY8;H7G4ZA_H9O;3370
1069;7ALAUSLMLG;VMUVP1_4251DD_FUKUXI;4713
1070;FJDX43MKTV;RK2AY_AORFQ;963
1071;TWVENHTN9Q;KE_C87OL2_NJ;2499
1072;NXHPD1DTT3;RK2AY_AORFQ;4555
1073;1DGA0NO950;ZN1JB_R6VD8I;2418
1074;DOPE0VWPR1;KE_C87OL2_NJ;587
1075;U9IQFDC6TK;KE_C87OL2_NJ;585
1076;70GEVU6EN9;UDO_3HV;3470
1077;IO84NXQN7A;H7G4ZA_H9O;661
1078;0OYTEWDENI;KE_C87OL2_NJ;2144
1079;QY7C8MDAPZ;6U_RQP5V;2783
1080;5ULSSJQG11;RK2AY_AORFQ;4696
1081;K4WB4QB0HJ;ZN1JB_R6VD8I;3356
1082;UM5O8XMNSY;6U_RQP5V;4828
1083;KNXIRRIK4D;KE_C87OL2_NJ;1004
1084;4E3TG7LEII;5DH19E_EX_UU8;305
1085;A566V3P29A;KE_C87OL2_NJ;784
1086;O0IY96VLF7;H7G4ZA_H9O;4254
1087;AVQWR55QKU;0IG3_CV_WF;3631
1088;WJ88CX1R44;H7G4ZA_H9O;3815
1089;6CFQQW0A86;KE_C87OL2_NJ;4155
1090;5EKCRUVTPC;6U_RQP5V;564
1091;X4683B8LFC;6U_RQP5V;2164
1092;ZTE8N1HY35;RK2AY_AORFQ;2015
1093;VSSJUB4RB7;RK2AY_AORFQ;2135
1094;EHA1U06QZU;RK2AY_AORFQ;4168
1095;FLDXIF4B8I;RK2AY_AORFQ;2041
1096;WF19CZ0EN1;H7G4ZA_H9O;3325
1097;5QJZ4JJ1M8;VMUVP1_4251DD_FUKUXI;2441
1098;6DVF0LSTL7;5DH19E_EX_UU8;4021
1099;F8KBS329VK;H7G4ZA_H9O;3892
1100;C97UPCXKTK;H2_WAD6J;1183
1101;1376416HP8;ZN1JB_R6VD8I;649
1102;WH2HRIFVYY;KE_C87OL2_NJ;2716
1103;BMF86CPHG3;KE_C87OL2_NJ;2184
1104;1QNLAMKASL;ZN1JB_R6VD8I;2091
1105;MGA99MBIWX;KE_C87OL2_NJ;4862
1106;T33BBUO5SW;H7G4ZA_H9O;1212
1107;ZVUA6M7TMX;H2_WAD6J;4457
1108;38YEU39UXG;5DH19E_EX_UU8;4692
1109;3EEJDG8UFJ;UDO_3HV;2632
1110;0P0K5539NE;6U_RQP5V;228
1111;3ZO9Y00H2P;6U_RQP5V;3699
1112;MFEEEEWDOA;KE_C87OL2_NJ;1464
1113;6K3V5X7PCQ;VMUVP1_4251DD_FUKUXI;2631
1114;VEGX7LQX73;RK2AY_AORFQ;3051
1115;136AOE2ENG;VMUVP1_4251DD_FUKUXI;601
1116;TEKDBYBN3X;0IG3_CV_WF;4874
1117;UR0EQ06X9N;5DH19E_EX_UU8;4742
1118;LSC37TVE6S;H2_WAD6J;2070
1119;13WLGG754A;0IG3_CV_WF;1329
1120;02DFUQIH0R;H2_WAD6J;26
1121;6VGV8ZBP1F;KE_C87OL2_NJ;3930
1122;FZ88AA1YY8;ZN1JB_R6VD8I;2209
1123;Q66UNTS6YA;0IG3_CV_WF;4094
1124;89ZTVTDNMV;5DH19E_EX_UU8;874
1125;CWCN372B77;KE_C87OL2_NJ;3372
1126;CASK9MHHMX;H2_WAD6J;3071
1127;FWH2MGV6S6;RK2AY_AORFQ;75
1128;9D8D21L4MU;0IG3_CV_WF;273
1129;JUCQMVDT8L;6U_RQP5V;3889
1130;PGFXLDZYNB;0IG3_CV_WF;206
1131;ATWQF6K31S;5DH19E_EX_UU8;826
1132;K6IFD59OB5;H2_WAD6J;173
1133;LPS1ONDK6E;H2_WAD6J;1435
1134;4J0JW3QHGI;UDO_3HV;4993
1135;WKN02FK8TN;6U_RQP5V;3491
1136;2PFJ4LSAG2;UDO_3HV;2893
1137;CR5V7QOSK7;5DH19E_EX_UU8;3381
1138;SC85CFCIKN;VMUVP1_4251DD_FUKUXI;757
1139;8GDR5XXQIW;6U_RQP5V;3304
1140;GNXHE27FDQ;6U_RQP5V;3906
1141;1IQTNQ01QR;ZN1JB_R6VD8I;1507
1142;N683CG0JC9;6U_RQP5V;3678
1143;XY1VSKLUN5;KE_C87OL2_NJ;4536
1144;ARMDK57TWE;UDO_3HV;4608
1145;8EKFHQGT44;H2_WAD6J;4101
1146;HL2L32AWM7;UDO_3HV;4099
1147;BQH19JQNE5;VMUVP1_4251DD_FUKUXI;2273
1148;VHSTQHYM2H;RK2AY_AORFQ;1726
1149;RY4AVW6HR6;5DH19E_EX_UU8;1877
1150;YW4J2Z81AG;ZN1JB_R6VD8I;4876
1151;RLI1L92L3R;KE_C87OL2_NJ;1774
1152;86ZIYPQFSB;RK2AY_AORFQ;3135
1153;IXSPFFP692;6U_RQP5V;1141
1154;Z1S1P4YJ9B;RK2AY_AORFQ;2027
1155;W9YFPCK2V3;6U_RQP5V;1340
1156;KON1A2W50S;ZN1JB_R6VD8I;3859
1157;RNS8K5N5EI;5DH19E_EX_UU8;1224
1158;09W1OL0C8Z;UDO_3HV;1202
1159;0BD1OA2EB6;ZN1JB_R6VD8I;1078
1160;PVZT2LEROC;6U_RQP5V;3603
1161;YAGZSILH8G;ZN1JB_R6VD8I;3903
1162;JGXRUO6IVL;RK2AY_AORFQ;1665
1163;HAK93JBKUG;ZN1JB_R6VD8I;1878
1164;A74DQFOF5U;ZN1JB_R6VD8I;3757
1165;YSXKDHJW6Q;KE_C87OL2_NJ;3478
1166;NGN9K4698B;KE_C87OL2_NJ;3640
1167;M2T98OMWR0;6U_RQP5V;1009
1168;6CLACXDP66;5DH19E_EX_UU8;1616
1169;C0NRHEKGK8;0IG3_CV_WF;2261
1170;INOFKNRLL4;H2_WAD6J;3318
1171;DS5HZQUEFD;ZN1JB_R6VD8I;793
1172;4MG6O3S6IZ;RK2AY_AORFQ;1717
1173;B0GMS4RI07;ZN1JB_R6VD8I;2763
1174;2T9O1CFLF0;H2_WAD6J;4963
1175;HEMTL1D77A;VMUVP1_4251DD_FUKUXI;981
1176;HF7HGQF6A3;5DH19E_EX_UU8;2776
1177;3DTK8XYHCX;H2_WAD6J;3393
1178;DR2H0YKP67;H2_WAD6J;2943
1179;T4X1PAI0KE;RK2AY_AORFQ;2384
1180;DG5EW539SB;H2_WAD6J;2139
1181;XN63JBE0M9;H2_WAD6J;3152
1182;FWQVOPBLSY;VMUVP1_4251DD_FUKUXI;2155
1183;3CVNFOCHUC;H7G4ZA_H9O;2242
1184;JQ0A9RP65V;UDO_3HV;2468
1185;UOVCIK7BSG;0IG3_CV_WF;890
1186;FO1WE17KVL;5DH19E_EX_UU8;514
1187;ZSFJPKM617;RK2AY_AORFQ;3269
1188;RQ18HE9GQD;H7G4ZA_H9O;2338
1189;T1D97M06YO;VMUVP1_4251DD_FUKUXI;4369
1190;WYMNDY65K4;5DH19E_EX_UU8;1801
1191;8XRF9F2N5R;ZN1JB_R6VD8I;3649
1192;UPUJCQ4UPJ;ZN1JB_R6VD8I;1414
1193;Y9X7UBRE2N;0IG3_CV_WF;3228
1194;K883AIBZF7;KE_C87OL2_NJ;1113
1195;FI65A8Q9N7;KE_C87OL2_NJ;2465
1196;5M531BR6Y7;5DH19E_EX_UU8;887
1197;4LFWSVNSDN;RK2AY_AORFQ;840
1198;84JLBDJSAG;VMUVP1_4251DD_FUKUXI;1602
1199;IQUMTRIHR5;KE_C87OL2_NJ;2697
1200;WY1BJVZUEN;VMUVP1_4251DD_FUKUXI;4046
1201;6F8H8ZNRAM;0IG3_CV_WF;4289
1202;HROQQ2SJL7;RK2AY_AORFQ;2852
1203;8CLT12IZZ2;0IG3_CV_WF;2245
1204;S64XSOFGTH;ZN1JB_R6VD8I;4716
1205;CL7JJ5FDCO;5DH19E_EX_UU8;4812
1206;JNABT7RFES;5DH19E_EX_UU8;2237
1207;6O87O6FCTB;UDO_3HV;4896
1208;BN953PD0KC;RK2AY_AORFQ;3036
1209;7EYOUPWXFM;UDO_3HV;2305
1210;BRLZG8KGR3;H2_WAD6J;2147
1211;LAB0D5Z8TP;H7G4ZA_H9O;4550
1212;2D5QYYNX4X;RK2AY_AORFQ;1390
1213;65F2OH2H6H;5DH19E_EX_UU8;388
1214;O0L0RQH34Q;RK2AY_AORFQ;2024
1215;EMB4PCLRFE;0IG3_CV_WF;4778
1216;ZX1DW4832G;H2_WAD6J;2377
1217;1A01Q2EHHH;UDO_3HV;4739
1218;U5KUTZZZV7;UDO_3HV;2693
1219;XK5VKCJLC2;VMUVP1_4251DD_FUKUXI;4013
1220;67V2AYJH99;ZN1JB_R6VD8I;3267
1221;2UV80BHV5E;H7G4ZA_H9O;1458
1222;GSPFBH5FTY;VMUVP1_4251DD_FUKUXI;1963
1223;ST2R6FWFQT;0IG3_CV_WF;4777
1224;A6RQFFSQWM;KE_C87OL2_NJ;4246
1225;DUTPZHWMDU;0IG3_CV_WF;1458
1226;XU8ZXWTSTP;UDO_3HV;2474
1227;TQ9BWFODEP;UDO_3HV;3297
1228;M3LVVCYQBW;5DH19E_EX_UU8;3454
1229;WNJTORXKZ6;VMUVP1_4251DD_FUKUXI;649
1230;B105L7LA9R;VMUVP1_4251DD_FUKUXI;2067
1231;GY5AG3M4BJ;0IG3_CV_WF;663
1232;352E9P9VWP;VMUVP1_4251DD_FUKUXI;1887
1233;Q6QOCUQRRK;0IG3_CV_WF;1960
1234;8BE31PMCC2;ZN1JB_R6VD8I;3379
1235;JB7G3R97FM;RK2AY_AORFQ;1537
1236;BTIXTFNHNX;5DH19E_EX_UU8;2936
1237;JIRLC68EO8;5DH19E_EX_UU8;4014
1238;1CLMXXWX4G;RK2AY_AORFQ;1383
1239;KBAEVCBL1J;UDO_3HV;1514
1240;YWM194NHPX;UDO_3HV;2147
1241;GWKY1BKWOG;RK2AY_AORFQ;4130
1242;GXP5H01WAX;5DH19E_EX_UU8;580
1243;3D20QI05G7;RK2AY_AORFQ;4201
1244;OA7IQIA9VD;6U_RQP5V;914
1245;EOMRRWQLGC;6U_RQP5V;2812
1246;8UIQJ3OQB9;UDO_3HV;951
1247;2MVTN7LHIC;VMUVP1_4251DD_FUKUXI;1102
1248;9B3UPWM18M;RK2AY_AORFQ;3229
1249;2BJDCQ1VH9;VMUVP1_4251DD_FUKUXI;3697
1250;0ZJL8FTF2U;KE_C87OL2_NJ;844
1251;HAQ9JDYYG4;VMUVP1_4251DD_FUKUXI;3210
1252;V2KQODXHZH;5DH19E_EX_UU8;894
1253;WT40FAD3ZI;H7G4ZA_H9O;3786
1254;VLYI8V5V2D;6U_RQP5V;1378
1255;76JV1291LQ;RK2AY_AORFQ;4358
1256;FSXQB9K6AJ;UDO_3HV;1686
1257;HLI7IR2RTX;0IG3_CV_WF;2633
1258;BH4RTIG6V0;KE_C87OL2_NJ;1482
1259;R0KSYS0AU6;RK2AY_AORFQ;753
1260;NHYETFES4U;0IG3_CV_WF;248
1261;15KIR531CK;UDO_3HV;2603
1262;17A6CZ5VZO;ZN1JB_R6VD8I;2133
1263;6AP9XBU5E5;KE_C87OL2_NJ;4007
1264;2SMER62OFT;VMUVP1_4251DD_FUKUXI;3015
1265;28LRH9RNZS;6U_RQP5V;2325
1266;H7CS9RZF5V;KE_C87OL2_NJ;885
1267;81C1XLN2M1;6U_RQP5V;1884
1268;8XXDEMUSKP;5DH19E_EX_UU8;654
1269;6ZM8XBOPTX;H2_WAD6J;293
1270;5G5YS164HO;6U_RQP5V;2712
1271;XGWLJK38CP;6U_RQP5V;2911
1272;B8A5XLMRJG;UDO_3HV;1164
1273;LB4S7OHMDS;UDO_3HV;840
1274;HBG6QTNM4T;H2_WAD6J;3849
1275;2GM0FF9A8N;H2_WAD6J;2883
1276;ZFIUCUXMI4;RK2AY_AORFQ;942
1277;PJUDOPBMHW;UDO_3HV;1825
1278;TC0KDIQTPQ;H2_WAD6J;4455
1279;2WIDJUY1MM;ZN1JB_R6VD8I;4184
1280;4XUGL7GYNM;KE_C87OL2_NJ;1601
1281;P4F7EEPU9R;0IG3_CV_WF;2531
1282;8ZHUHKS2J3;H2_WAD6J;2874
1283;8O67SOHCK2;ZN1JB_R6VD8I;4990
1284;0SPGJU1L5M;H7G4ZA_H9O;2833
1285;WOJTO5947J;UDO_3HV;805
1286;HSTYAR40NX;H7G4ZA_H9O;1274
1287;ECNBOEQLGR;KE_C87OL2_NJ;4608
1288;JLYYRC03DR;6U_RQP5V;2368
1289;EKSZ932GB7;H2_WAD6J;2094
1290;IFHADSTXYR;ZN1JB_R6VD8I;4006
1291;QZQ4VBTURF;ZN1JB_R6VD8I;1973
1292;U63GJF8CFQ;5DH19E_EX_UU8;1670
1293;RBYVUL81PO;5DH19E_EX_UU8;3893
1294;DZU2K8XKQ3;RK2AY_AORFQ;2329
1295;2GTLB5735W;0IG3_CV_WF;2004
1296;5JWPA4E6IK;UDO_3HV;2510
1297;9Q5BKQYTG7;RK2AY_AORFQ;1533
1298;I3MBCC7YIM;ZN1JB_R6VD8I;996
1299;NVIO01J478;ZN1JB_R6VD8I;2668
1300;8Y63ZM3YM5;6U_RQP5V;2416
1301;5H047VK62Y;KE_C87OL2_NJ;2902
1302;TOVGP6JI3V;ZN1JB_R6VD8I;941
1303;TE8JD3KZFZ;ZN1JB_R6VD8I;2003
1304;WH4DYG70OT;5DH19E_EX_UU8;2083
1305;XXEWYGRYC5;VMUVP1_4251DD_FUKUXI;3433
1306;TLPXZRDB2L;0IG3_CV_WF;4664
1307;WX4SX5PVDG;H2_WAD6J;1026
1308;JMM7FIZEHP;H7G4ZA_H9O;547
1309;UUR95YTYOA;5DH19E_EX_UU8;2026
1310;F5DCWCE9TA;5DH19E_EX_UU8;2210
1311;YAF6V7T52Y;0IG3_CV_WF;2814
1312;J0MQITLUUY;5DH19E_EX_UU8;2203
1313;TB64HR6QKS;ZN1JB_R6VD8I;381
1314;DL9G4RJ6VN;H7G4ZA_H9O;4134
1315;NDTWUGGBPF;H2_WAD6J;1326
1316;40F26FX3FK;VMUVP1_4251DD_FUKUXI;257
1317;FHFNDER14A;6U_RQP5V;3046
1318;VC5EU1O99M;H7G4ZA_H9O;1043
1319;Q4AN5XB1CM;6U_RQP5V;732
1320;W1VOZ4EG4P;RK2AY_AORFQ;1386
1321;Z9AD20MVVM;H7G4ZA_H9O;900
1322;S0JTCG41D7;UDO_3HV;3350
1323;MXJM1XGUH8;RK2AY_AORFQ;3542
1324;8RLZQRB6IX;ZN1JB_R6VD8I;1663
1325;OUJ8XRP05X;VMUVP1_4251DD_FUKUXI;3643
1326;BISV0T14LL;RK2AY_AORFQ;2900
1327;8XON1QR7MZ;0IG3_CV_WF;4290
1328;KVP1CRPGS7;5DH19E_EX_UU8;1162
1329;0M079EHW8R;6U_RQP5V;4431
1330;9D0HZ78QQW;VMUVP1_4251DD_FUKUXI;2665
1331;8VJH8W1OWI;UDO_3HV;2859
1332;UNP1VVZUH9;H2_WAD6J;2141
1333;ZVBD8WX46S;5DH19E_EX_UU8;1935
1334;Z4RU3JFAJH;5DH19E_EX_UU8;280
1335;YH1XT34M5D;6U_RQP5V;186
1336;C3PB99B7DQ;5DH19E_EX_UU8;1670
1337;0U8DDDA2EA;RK2AY_AORFQ;1972
1338;CIEM56VRP6;0IG3_CV_WF;43
1339;X0KANFGS9U;RK2AY_AORFQ;856
1340;KA72TWPROM;H7G4ZA_H9O;1225
1341;QIZ01YSPF7;RK2AY_AORFQ;610
1342;NTFF1SEH09;RK2AY_AORFQ;1061
1343;5YK47R11R8;KE_C87OL2_NJ;1288
1344;H7Z632Z1MD;6U_RQP5V;4010
1345;3DNFPWH4ET;KE_C87OL2_NJ;4154
1346;OQNFQO4K6J;RK2AY_AORFQ;3640
1347;9T612BO2TP;H7G4ZA_H9O;4030
1348;55R6VLQL11;ZN1JB_R6VD8I;1933
1349;FXU3G8A0GC;H2_WAD6J;1162
1350;JF2DP7KXFL;UDO_3HV;1025
1351;O7WP1BJ8BA;H7G4ZA_H9O;295
1352;VY8OFZIO45;VMUVP1_4251DD_FUKUXI;3212
1353;YXRO473GSW;H7G4ZA_H9O;4567
1354;VD8B0Q26PN;RK2AY_AORFQ;3168
1355;60BQ2YFHJ1;RK2AY_AORFQ;3156
1356;0SFU98E35X;VMUVP1_4251DD_FUKUXI;3611
1357;YFUUAUURAM;H7G4ZA_H9O;373
1358;W70PRFROG3;6U_RQP5V;2247
1359;OI9CCREV55;6U_RQP5V;3817
1360;CQI0AXMH9G;H2_WAD6J;2678
1361;HP3NW7KREE;5DH19E_EX_UU8;4311
1362;PHOS2XST92;UDO_3HV;4552
1363;BCFPORRRS2;H7G4ZA_H9O;2563
1364;BBKEWHCHVJ;5DH19E_EX_UU8;4865
1365;BZS9SWKT1K;KE_C87OL2_NJ;4171
1366;196MW8ZJAC;KE_C87OL2_NJ;3620
1367;N3H8S0MH92;H2_WAD6J;2482
1368;3SF107RK62;KE_C87OL2_NJ;85
1369;G1ZEJRI6MR;6U_RQP5V;2401
1370;WI2P510KOI;KE_C87OL2_NJ;696
1371;4ST9T7KP3U;6U_RQP5V;4092
1372;L0WW89B9SB;VMUVP1_4251DD_FUKUXI;2396
1373;T2FLK8PU6L;5DH19E_EX_UU8;2729
1374;5S0KP91SEK;KE_C87OL2_NJ;3986
1375;1DP7GWU8BP;0IG3_CV_WF;3230
1376;7943EZUWP9;ZN1JB_R6VD8I;2591
1377;CP6JB0GH47;UDO_3HV;3785
1378;EBHU3RYN3O;6U_RQP5V;1040
1379;78XB6Y5UCX;RK2AY_AORFQ;413
1380;UXOVT8K0N1;UDO_3HV;3075
1381;US4IPPV4Q4;5DH19E_EX_UU8;1782
1382;43K3LUSR7N;RK2AY_AORFQ;2008
1383;IG87S8IVXQ;H2_WAD6J;1039
1384;MBM98IF2RJ;H2_WAD6J;305
1385;5P3CMEFEL0;RK2AY_AORFQ;2326
1386;2TANKVI0SE;UDO_3HV;3037
1387;510QL190KA;5DH19E_EX_UU8;1089
1388;9NFC5XWCIL;6U_RQP5V;3721
1389;DTJCRKRNMJ;RK2AY_AORFQ;2712
1390;60W3AK2H76;KE_C87OL2_NJ;843
1391;YLXSVZWRP3;KE_C87OL2_NJ;628
1392;0P3ZXL22TB;ZN1JB_R6VD8I;2785
1393;VMCEYRRFS6;H2_WAD6J;4829
1394;4R30JPHFCU;KE_C87OL2_NJ;4704
1395;ZVBWEQELAW;H2_WAD6J;4504
1396;O0H9WMGWYV;H7G4ZA_H9O;4200
1397;LIARAOXOOI;6U_RQP5V;3922
1398;WKCQ0LAPJA;H7G4ZA_H9O;203
1399;IEXWK4ITTI;5DH19E_EX_UU8;3300
1400;OMX96PGCIO;H7G4ZA_H9O;197
1401;S0HAEZJ444;H7G4ZA_H9O;1474
1402;12IW6MHB4C;5DH19E_EX_UU8;946
1403;WNG06PHECZ;UDO_3HV;497
1404;IINRR3SJD6;UDO_3HV;3292
1405;G6DJ875DV2;H7G4ZA_H9O;4140
1406;ZI673HPORC;H7G4ZA_H9O;2387
1407;9DWMGRMHXJ;KE_C87OL2_NJ;1902
1408;VIW0QWTJJ6;6U_RQP5V;4921
1409;RB00X8A4DM;KE_C87OL2_NJ;4804
1410;I5C0ZCHNY0;0IG3_CV_WF;255
1411;B8FKVYPW6H;6U_RQP5V;2623
1412;0VK7SBB0AO;KE_C87OL2_NJ;4754
1413;691CY8A438;0IG3_CV_WF;3546
1414;12S20DNGV7;6U_RQP5V;2915
1415;YI1RIH86SM;0IG3_CV_WF;908
1416;E3OY0GDXQZ;H2_WAD6J;1663
1417;0T8A5GA93R;6U_RQP5V;3981
1418;1E74PJX554;6U_RQP5V;2687
1419;3P2TXQUBSV;5DH19E_EX_UU8;2250
1420;HIP9B7AY5T;ZN1JB_R6VD8I;821
1421;YL9U3OGIGA;ZN1JB_R6VD8I;238
1422;7U0ATCXS9S;H7G4ZA_H9O;4446
1423;NVYPR549HF;ZN1JB_R6VD8I;2819
1424;M260F1NN63;UDO_3HV;1493
1425;0MOKZ5KYGG;H2_WAD6J;4916
1426;TEQ493648M;KE_C87OL2_NJ;807
1427;FF41WSTXKD;6U_RQP5V;3930
1428;JU7CUO69IG;KE_C87OL2_NJ;1035
1429;HA9MEVSR2H;VMUVP1_4251DD_FUKUXI;4501
1430;Z61YS1VJA7;6U_RQP5V;4995
1431;TR5CEGBU7H;VMUVP1_4251DD_FUKUXI;2264
1432;9DZ6CH59DD;VMUVP1_4251DD_FUKUXI;744
1433;ZAV859YVOQ;ZN1JB_R6VD8I;3979
1434;X7ZDYTEBLQ;KE_C87OL2_NJ;1097
1435;K7G1X595FR;H7G4ZA_H9O;483
1436;LAQ5OT3HVG;5DH19E_EX_UU8;224
1437;1OKRP0H56Y;VMUVP1_4251DD_FUKUXI;1717
1438;HFVXGYR3YJ;VMUVP1_4251DD_FUKUXI;2081
1439;L6V9BDNUAY;KE_C87OL2_NJ;1127
1440;813CZEQX6Y;H7G4ZA_H9O;4802
1441;C9VLT3YJ32;ZN1JB_R6VD8I;2572
1442;DH1I35BHCF;ZN1JB_R6VD8I;3072
1443;IVYSHDVIP1;6U_RQP5V;1642
1444;2R0RTW1EFS;VMUVP1_4251DD_FUKUXI;2788
1445;JQAJ21MGNH;ZN1JB_R6VD8I;1237
1446;9REICLBLZR;UDO_3HV;3290
1447;60TOHXROOR;VMUVP1_4251DD_FUKUXI;2902
1448;SLLOLRIA4N;H7G4ZA_H9O;2771
1449;0TZUQ4H59S;ZN1JB_R6VD8I;3245
1450;PA2T7FLUV1;6U_RQP5V;2046
1451;JFO033QGSP;KE_C87OL2_NJ;2877
1452;2A4QYVII7X;H7G4ZA_H9O;2224
1453;8YNBKSCEEP;ZN1JB_R6VD8I;3501
1454;ZAHQF6LBBX;5DH19E_EX_UU8;735
1455;LHIQWYQUD1;RK2AY_AORFQ;2224
1456;VA6LOA0B51;UDO_3HV;41
1457;C6ZYCFM44D;0IG3_CV_WF;2851
1458;17TBOQAUPK;0IG3_CV_WF;1211
1459;M9H7HDGTE2;ZN1JB_R6VD8I;3119
1460;SC7VCOXDGY;UDO_3HV;2322
1461;PJCWDHJJE4;6U_RQP5V;4991
1462;Y6K6XTB90M;0IG3_CV_WF;4310
1463;L0ASE5DEU0;ZN1JB_R6VD8I;4473
1464;UZXQE5F52N;KE_C87OL2_NJ;4225
1465;MIOPIQAUZ4;0IG3_CV_WF;1590
1466;9TOYFCCAWB;5DH19E_EX_UU8;3817
1467;GRE11DIMQ9;ZN1JB_R6VD8I;3268
1468;BLA047FFR6;6U_RQP5V;4760
1469;4KICSXUB8L;6U_RQP5V;102
1470;88S95G1L8W;VMUVP1_4251DD_FUKUXI;1333
1471;XY8NIQBJ7Y;VMUVP1_4251DD_FUKUXI;3414
1472;3MRLVFK5QB;VMUVP1_4251DD_FUKUXI;4138
1473;LM3ORIT99M;RK2AY_AORFQ;785
1474;PDWKDK41OH;KE_C87OL2_NJ;1280
1475;Q1Z8I56MHS;H2_WAD6J;3618
1476;L1VQ41K7RA;VMUVP1_4251DD_FUKUXI;2741
1477;M25ZMFCEZZ;VMUVP1_4251DD_FUKUXI;50
1478;M556MNUJJP;H2_WAD6J;1515
1479;YF25R3ZVMH;H7G4ZA_H9O;3894
1480;XGILCCGHBS;H2_WAD6J;4417
1481;IDOHLWV9OV;H7G4ZA_H9O;2123
1482;D0FYVD9V96;0IG3_CV_WF;4978
1483;T0O4GMEOG9;5DH19E_EX_UU8;4331
1484;W5LLFPADXL;RK2AY_AORFQ;2732
1485;7ZX13HCFO1;KE_C87OL2_NJ;4020
1486;SEO0H20Q3L;UDO_3HV;4341
1487;LC7SQMNL74;H7G4ZA_H9O;1074
1488;IR6E927RPT;ZN1JB_R6VD8I;3860
1489;U1W9GO29EM;H7G4ZA_H9O;1534
1490;MYHZ39SJSG;KE_C87OL2_NJ;2189
1491;JXWF1I375K;H7G4ZA_H9O;4397
1492;MY8LA7UAVA;ZN1JB_R6VD8I;4230
1493;M6JZNNNPSL;KE_C87OL2_NJ;4170
1494;PMMUF7QMJK;ZN1JB_R6VD8I;4751
1495;92ZLYTVVDC;RK2AY_AORFQ;2917
1496;L20NHUYV1D;H7G4ZA_H9O;3406
1497;7ORGNZOL0Q;5DH19E_EX_UU8;128
1498;CA079N5RS9;5DH19E_EX_UU8;4307
1499;H6HBPH1A4W;VMUVP1_4251DD_FUKUXI;3739
1500;9T5DJSLV66;RK2AY_AORFQ;1597
1501;F19IS6RPO8;5DH19E_EX_UU8;33
1502;5DEDR2DXDV;KE_C87OL2_NJ;4992
1503;OIV0GH1KP5;RK2AY_AORFQ;1337
1504;YHKK0H9IUZ;0IG3_CV_WF;2796
1505;UCWED97XIX;RK2AY_AORFQ;3489
1506;VTB57564EQ;VMUVP1_4251DD_FUKUXI;361
1507;IK5RJ1GAPS;H2_WAD6J;2950
1508;KTT4VYRRW8;VMUVP1_4251DD_FUKUXI;2042
1509;GT25JCR78K;RK2AY_AORFQ;195
1510;STI980CMBV;H7G4ZA_H9O;1126
1511;QHCBXEEFQK;VMUVP1_4251DD_FUKUXI;3010
1512;3LXYRIB0MA;UDO_3HV;55
1513;32MBP2RRUT;KE_C87OL2_NJ;4362
1514;0N7JT80NV1;VMUVP1_4251DD_FUKUXI;1679
1515;036XKCT8US;VMUVP1_4251DD_FUKUXI;3360
1516;93FD3IC14P;ZN1JB_R6VD8I;2882
1517;GP9E65IZJU;H7G4ZA_H9O;3270
1518;ZEE2U63JZ9;H7G4ZA_H9O;3573
1519;DW7XBCJILY;KE_C87OL2_NJ;619
1520;MPMH09WGVO;UDO_3HV;2555
1521;5Y5N2176I1;5DH19E_EX_UU8;2589
1522;E1KC4QSFG3;KE_C87OL2_NJ;3872
1523;OMN75KDUP3;KE_C87OL2_NJ;1952
1524;RHHKZXE7IQ;5DH19E_EX_UU8;2191
1525;L9EVIS9TL9;VMUVP1_4251DD_FUKUXI;1615
1526;QG3A7ULUOL;UDO_3HV;2011
1527;FL1X6XFWBN;KE_C87OL2_NJ;3589
1528;XIGW4O29XJ;RK2AY_AORFQ;1252
1529;666EV1N8HD;RK2AY_AORFQ;2762
1530;E6T22N9YFT;ZN1JB_R6VD8I;700
1531;1IOLJ2NAII;H2_WAD6J;218
1532;WNMJKV0C1W;0IG3_CV_WF;3765
1533;LNNQ4IAMFD;H7G4ZA_H9O;4582
1534;VXRUBVZOTQ;0IG3_CV_WF;467
1535;2E3DERVY0K;H2_WAD6J;4097
1536;1R85U1Y0QO;UDO_3HV;1022
1537;KZEFA7VZYT;6U_RQP5V;471
1538;B0BTQ2KPH2;0IG3_CV_WF;137
1539;WV1SRE1JBD;KE_C87OL2_NJ;1746
1540;YSY5K82VAP;6U_RQP5V;2569
1541;F9T7PZH7GQ;0IG3_CV_WF;4327
1542;51C1H1B6KO;H7G4ZA_H9O;3490
1543;H8WPQJJGCG;VMUVP1_4251DD_FUKUXI;4726
1544;98QHCD8J1O;RK2AY_AORFQ;3102
1545;P4QQ4IW2AJ;RK2AY_AORFQ;4613
1546;XXJ8MG4QBV;KE_C87OL2_NJ;630
1547;BVVF6IP6K2;H2_WAD6J;4456
1548;TZ7ZLLGL5S;H7G4ZA_H9O;1105
1549;LETB5TALYJ;RK2AY_AORFQ;3110
1550;98XUGJPI3U;6U_RQP5V;1045
1551;FOM95AM9EB;H2_WAD6J;582
1552;8VVKUY4ODY;5DH19E_EX_UU8;1734
1553;IIC8WQ6W31;RK2AY_AORFQ;3584
1554;N38TUGDDAJ;5DH19E_EX_UU8;2547
1555;Q69C4LJXB0;UDO_3HV;1774
1556;41U0TXESI0;KE_C87OL2_NJ;3042
1557;97JMKSR70K;0IG3_CV_WF;2539
1558;AW9SA5VL6Q;H7G4ZA_H9O;2805
1559;QTX20VYDRF;VMUVP1_4251DD_FUKUXI;3699
1560;0663MUPG0E;0IG3_CV_WF;4171
1561;IMZ0HFC19B;5DH19E_EX_UU8;3076
1562;OXLBRCMBUT;ZN1JB_R6VD8I;326
1563;RLSMDDG7NV;6U_RQP5V;1434
1564;036QLD4TQF;VMUVP1_4251DD_FUKUXI;2770
1565;IC9EZ014KH;UDO_3HV;2819
1566;TX9TIZH1P9;ZN1JB_R6VD8I;4517
1567;NUYO28ER4B;RK2AY_AORFQ;4199
1568;COLNKSQQIB;0IG3_CV_WF;4231
1569;PE5IWOKUIJ;ZN1JB_R6VD8I;2830
1570;JANRYH42KZ;6U_RQP5V;3143
1571;Q931Q3WB9E;RK2AY_AORFQ;2631
1572;OTG3OWV7R0;UDO_3HV;588
1573;683Y9J8BDK;H7G4ZA_H9O;1084
1574;8X25CKPPRY;RK2AY_AORFQ;1555
1575;4746SRDCGW;5DH19E_EX_UU8;708
1576;CSAHO8QDVU;H7G4ZA_H9O;672
1577;7LU891R0D6;6U_RQP5V;1292
1578;XUHRLT831F;5DH19E_EX_UU8;2242
1579;BCHZD8CYFA;H7G4ZA_H9O;1889
1580;8KPM0VCPVR;H2_WAD6J;1276
1581;S1LOU84SGT;5DH19E_EX_UU8;2644
1582;C5KUQSO3VH;0IG3_CV_WF;2236
1583;RPM212AW3H;RK2AY_AORFQ;935
1584;D98VOXFXU0;RK2AY_AORFQ;3036
1585;JFZXRGFTQC;RK2AY_AORFQ;193
1586;0FK2NKJ47B;RK2AY_AORFQ;1692
1587;9MCKKPGDCU;6U_RQP5V;3305
1588;DUB25764CW;H2_WAD6J;2577
1589;DDAMLN5VTH;VMUVP1_4251DD_FUKUXI;251
1590;UHSNPVAV0U;ZN1JB_R6VD8I;3914
1591;SK9T7LVFA0;H2_WAD6J;1329
1592;95THJ7037I;VMUVP1_4251DD_FUKUXI;4740
1593;LOD2UWUCNC;VMUVP1_4251DD_FUKUXI;1314
1594;0TR4ESTWJ8;VMUVP1_4251DD_FUKUXI;3678
1595;BQV7VER2RD;UDO_3HV;3341
1596;UH1RNDILRG;UDO_3HV;4022
1597;YBL74JN7TF;UDO_3HV;1350
1598;6268DM350L;H2_WAD6J;655
1599;LM5SSAH2ZJ;6U_RQP5V;4482
1600;5OM61IU7JU;VMUVP1_4251DD_FUKUXI;3799
1601;832RTZ33Y3;RK2AY_AORFQ;2927
1602;6E7LYZ5BE6;ZN1JB_R6VD8I;3190
1603;ZM20CRP4UK;0IG3_CV_WF;2445
1604;2DMY0V13P2;VMUVP1_4251DD_FUKUXI;1210
1605;OH5OCEOEIV;ZN1JB_R6VD8I;2074
1606;MAWLVFUOUG;H7G4ZA_H9O;4074
1607;S2O5H6RXI7;ZN1JB_R6VD8I;4688
1608;8PPI333WFP;0IG3_CV_WF;3530
1609;FJTXVB01NB;VMUVP1_4251DD_FUKUXI;4692
1610;ZAQA1M6RVH;H2_WAD6J;2440
1611;J9MBES0QVO;ZN1JB_R6VD8I;3997
1612;E5BYL6N480;H2_WAD6J;3374
1613;1T0WH2MZR2;H7G4ZA_H9O;2864
1614;Z5UMWQSDQV;0IG3_CV_WF;1920
1615;A2D30U101R;ZN1JB_R6VD8I;4350
1616;UV7SGIJ1YP;VMUVP1_4251DD_FUKUXI;4258
1617;0BXG90Q47B;0IG3_CV_WF;2088
1618;JXY76K4GER;H2_WAD6J;2766
1619;UVREMHQDXK;ZN1JB_R6VD8I;575
1620;FQFFGN3NSJ;H2_WAD6J;752
1621;G5FRXBLN97;0IG3_CV_WF;3805
1622;4YUL5CSGS3;H7G4ZA_H9O;4540
1623;Y2KD56NKFS;RK2AY_AORFQ;4994
1624;C1C07BNYAA;6U_RQP5V;3479
1625;NG2TBLTDNR;0IG3_CV_WF;893
1626;RS0PAT0XA6;KE_C87OL2_NJ;3469
1627;5ZNEXTZ3C7;H7G4ZA_H9O;1319
1628;30T4N72AA1;H7G4ZA_H9O;199
1629;EHXYX8ACFW;ZN1JB_R6VD8I;4508
1630;SSM5OTWNHI;H7G4ZA_H9O;366
1631;1R9TSDB0WE;6U_RQP5V;832
1632;R5WDYQ0QJW;UDO_3HV;2283
1633;8L1V17746L;ZN1JB_R6VD8I;2061
1634;RJVIC73LB7;H7G4ZA_H9O;3560
1635;UBSM9VRAR9;ZN1JB_R6VD8I;2901
1636;IC6SP6EPZ7;0IG3_CV_WF;2767
1637;8G29FEMAWX;ZN1JB_R6VD8I;3985
1638;OLK34BQ8VQ;VMUVP1_4251DD_FUKUXI;3138
1639;0Q9PXWJEJ2;H2_WAD6J;282
1640;809Q3829KL;H2_WAD6J;2146
1641;OIMFO02CI6;VMUVP1_4251DD_FUKUXI;2535
1642;CYTAE5MJ5V;ZN1JB_R6VD8I;1743
1643;IDF0N1XJLQ;RK2AY_AORFQ;3698
1644;F4E8GEJXPM;KE_C87OL2_NJ;2816
1645;RSUNMPBIWC;H2_WAD6J;53
1646;TFJZF39F7G;ZN1JB_R6VD8I;2066
1647;K7CITXZL98;H7G4ZA_H9O;3135
1648;UA1LQM6B8Z;RK2AY_AORFQ;829
1649;IMTDPGN1FB;5DH19E_EX_UU8;4045
1650;B7F0HB9SY9;6U_RQP5V;4974
1651;OE8ROBGX1U;UDO_3HV;1985
1652;Q39VDXZQUE;ZN1JB_R6VD8I;371
1653;M5U8QPV9W7;VMUVP1_4251DD_FUKUXI;2243
1654;VHXIRN5O5J;H7G4ZA_H9O;3294
1655;NZAG7CGJB4;6U_RQP5V;3290
1656;WY99Q01OVP;H7G4ZA_H9O;3849
1657;QXJ1P5HZRL;KE_C87OL2_NJ;2546
1658;3WVBTW9UO7;5DH19E_EX_UU8;1258
1659;1NHJ7VH467;5DH19E_EX_UU8;4215
1660;QTCF5L2XHC;UDO_3HV;1862
1661;AC44Z0HO0N;5DH19E_EX_UU8;3001
1662;LQC80L3VYA;ZN1JB_R6VD8I;1381
1663;1LWY6JJ1ZY;ZN1JB_R6VD8I;1908
1664;ROBM1KGKE8;5DH19E_EX_UU8;3791
1665;16OYANNSM8;6U_RQP5V;2419
1666;2YT5WAU875;RK2AY_AORFQ;995
1667;KQK5YLVXQD;KE_C87OL2_NJ;401
1668;Y8RE79QJLG;H7G4ZA_H9O;4323
1669;FGINF6IVIJ;UDO_3HV;1597
1670;0AXL7UVIW6;KE_C87OL2_NJ;1944
1671;HIRKQP07ZB;H2_WAD6J;2744
1672;SWCS97PVPE;H2_WAD6J;2020
1673;DTQRPQOVI0;H7G4ZA_H9O;3892
1674;FZNQUZYT6G;UDO_3HV;265
1675;3MPZXHZZFK;5DH19E_EX_UU8;2096
1676;0FADU2FB4C;5DH19E_EX_UU8;2915
1677;7QA6OBNHPD;5DH19E_EX_UU8;1600
1678;U9Z3WSW218;H2_WAD6J;2747
1679;PS5O0DO3VG;RK2AY_AORFQ;3847
1680;AF9RE8CJL2;H7G4ZA_H9O;2340
1681;2KB3YJRXKP;H2_WAD6J;424
1682;ZYX4A8C22K;6U_RQP5V;2680
1683;2V2643G3GN;UDO_3HV;1290
1684;EY5N81BSOM;UDO_3HV;405
1685;ZZOR9F3WAC;VMUVP1_4251DD_FUKUXI;2183
1686;1DQA7XB7VU;6U_RQP5V;2718
1687;M32VEUEBP5;0IG3_CV_WF;4854
1688;O7SPL83DV8;ZN1JB_R6VD8I;382
1689;QJVOVGSJWS;H7G4ZA_H9O;1402
1690;ZZ59IUE8N6;6U_RQP5V;2265
1691;2M9AO101X5;VMUVP1_4251DD_FUKUXI;817
1692;GAFD3BOH94;VMUVP1_4251DD_FUKUXI;3915
1693;XGSPX4U7VL;0IG3_CV_WF;2980
1694;I0P5YGD1C4;RK2AY_AORFQ;1132
1695;AO10ICXP21;KE_C87OL2_NJ;640
1696;ONQJLYKIXI;VMUVP1_4251DD_FUKUXI;1227
1697;1PHBSKR20P;6U_RQP5V;2116
1698;5JL4EY4TZL;RK2AY_AORFQ;3934
1699;BNMNFO39C9;RK2AY_AORFQ;3389
1700;6TFM4YN9HM;RK2AY_AORFQ;2716
1701;KS2ICAINSU;UDO_3HV;1101
1702;XQ2Y6JYNXA;RK2AY_AORFQ;4277
1703;O0A8X65NEX;5DH19E_EX_UU8;2547
1704;QFPQ630V92;VMUVP1_4251DD_FUKUXI;2030
1705;HB7VC8JYLM;RK2AY_AORFQ;699
1706;P7S2P1DH9S;UDO_3HV;642
1707;J7CMB95CXL;KE_C87OL2_NJ;3641
1708;GHH2ADNKWM;5DH19E_EX_UU8;770
1709;4KZ4OEAHCN;H2_WAD6J;634
1710;1SKDWHJHV1;H2_WAD6J;4800
1711;UQ1VBFZDNA;H7G4ZA_H9O;3959
1712;GR0KFOX978;RK2AY_AORFQ;3609
1713;SIY43C818X;VMUVP1_4251DD_FUKUXI;3079
1714;GDSO9DTEJ6;VMUVP1_4251DD_FUKUXI;3102
1715;Q8JRRQDZ1Z;UDO_3HV;3513
1716;LEX2AKL4G6;KE_C87OL2_NJ;4374
1717;NZY9B0OV4N;RK2AY_AORFQ;1393
1718;HLCVDWF900;H2_WAD6J;1470
1719;OJRC3HA23E;H7G4ZA_H9O;3289
1720;A9QN49D42Q;5DH19E_EX_UU8;3993
1721;WJJYFMEC2B;0IG3_CV_WF;3495
1722;1SM4KK6OG8;RK2AY_AORFQ;959
1723;IOF1V84U7J;RK2AY_AORFQ;1275
1724;LILR0OPR88;5DH19E_EX_UU8;3959
1725;9LG4B3RE26;0IG3_CV_WF;4647
1726;IWI7CHBF0I;UDO_3HV;67
1727;CP01X81O1C;6U_RQP5V;3851
1728;1QZCWHYH90;6U_RQP5V;886
1729;A8HVUEQMCV;KE_C87OL2_NJ;775
1730;4GQGAFD3WA;6U_RQP5V;3046
1731;3AQFF33FTB;0IG3_CV_WF;4205
1732;I7I0G56HOO;VMUVP1_4251DD_FUKUXI;3723
1733;U0GCF4JDGW;H2_WAD6J;13
1734;YS1ZDTPLJH;5DH19E_EX_UU8;4283
1735;FVTLMPNIIT;RK2AY_AORFQ;2300
1736;F3Z93H87RF;KE_C87OL2_NJ;2475
1737;2RKM5HI863;UDO_3HV;3497
1738;1P1LQAFBS4;UDO_3HV;2553
1739;331VQI5X65;ZN1JB_R6VD8I;4577
1740;9M2SW2CRW2;5DH19E_EX_UU8;2418
1741;XQ5UUP4KPX;6U_RQP5V;2900
1742;7M3697B7ZG;RK2AY_AORFQ;2830
1743;Z1X8V1T4CV;H2_WAD6J;3335
1744;1C4SE4PK51;RK2AY_AORFQ;2215
1745;8KJFEO4SW1;RK2AY_AORFQ;4182
1746;JIXWMA8GUB;VMUVP1_4251DD_FUKUXI;3496
1747;J7SAHKJJZE;RK2AY_AORFQ;3952
1748;U6F5V86WAT;UDO_3HV;2936
1749;SY2CUIV8JC;VMUVP1_4251DD_FUKUXI;3259
1750;XM7U8OHPU8;KE_C87OL2_NJ;4155
1751;OH49ZRFKDK;VMUVP1_4251DD_FUKUXI;2629
1752;GYGDJZWS78;H7G4ZA_H9O;3313
1753;C2F10A9YMM;5DH19E_EX_UU8;963
1754;WU6R2XK76G;H2_WAD6J;1977
1755;NEARLTUBIG;H7G4ZA_H9O;2596
1756;LM2NB7PPNL;RK2AY_AORFQ;1666
1757;HWRUX7HYFA;6U_RQP5V;2147
1758;R53A9E334S;KE_C87OL2_NJ;4848
1759;5HMKX7WGCX;H2_WAD6J;998
1760;2RDWUO20SR;5DH19E_EX_UU8;1124
1761;65YAEFS5O3;H7G4ZA_H9O;4624
1762;1A90L9VS6J;5DH19E_EX_UU8;4847
1763;FS118679Y6;KE_C87OL2_NJ;1099
1764;F1UTBJSL8Z;UDO_3HV;125
1765;19VGF0TP0P;H2_WAD6J;3113
1766;7ECBTZT27C;H7G4ZA_H9O;4068
1767;SBHBLKERKV;UDO_3HV;1274
1768;8S0BI7X106;KE_C87OL2_NJ;671
1769;4WZXD4QV9X;VMUVP1_4251DD_FUKUXI;197
1770;EF65FW3AB6;H2_WAD6J;4217
1771;C8G65SK9OQ;UDO_3HV;2456
1772;WY3HJX19Y6;H7G4ZA_H9O;813
1773;95DVGY4IMR;RK2AY_AORFQ;1681
1774;509FUUPXCG;KE_C87OL2_NJ;2187
1775;QAQAE6HNUO;ZN1JB_R6VD8I;3425
1776;SKEA2QT3I7;KE_C87OL2_NJ;1972
1777;ZALJGPTV6L;H7G4ZA_H9O;4558
1778;QQYM8HTDY4;5DH19E_EX_UU8;1474
1779;12L30CZR4O;VMUVP1_4251DD_FUKUXI;1076
1780;LV51Z47A2N;VMUVP1_4251DD_FUKUXI;2073
1781;WBQMYX0GW3;H2_WAD6J;2216
1782;EHCFOFEIJI;0IG3_CV_WF;707
1783;NQ8M6FUO8C;KE_C87OL2_NJ;3139
1784;TXOK0DQGCU;0IG3_CV_WF;175
1785;MX1FU8Z2KP;H2_WAD6J;729
1786;QI2HWFHOTQ;KE_C87OL2_NJ;1383
1787;S24VOFIK7Y;H2_WAD6J;2428
1788;F8SXHF1L4G;UDO_3HV;4246
1789;WRAEH0PBI8;6U_RQP5V;3946
1790;RMQDU4XD37;5DH19E_EX_UU8;2947
1791;46A7K97QKO;UDO_3HV;2011
1792;5E3M0GUP6J;ZN1JB_R6VD8I;4609
1793;ZMER8E502Z;RK2AY_AORFQ;3555
1794;746WCCWYO3;H2_WAD6J;4826
1795;0J62UIPFN4;ZN1JB_R6VD8I;1611
1796;Q6V6CZS5XP;UDO_3HV;4066
1797;GL2KFKYPEY;H7G4ZA_H9O;4345
1798;XWIYV2425I;RK2AY_AORFQ;3026
1799;7OMABU0ENI;H2_WAD6J;4863
1800;Z6CXK3E4SU;KE_C87OL2_NJ;4849
1801;771HWQS5G3;H7G4ZA_H9O;3759
1802;7HSW995JAF;KE_C87OL2_NJ;3407
1803;JLGK03TW8B;H7G4ZA_H9O;2760
1804;EBO96KZUZ2;H2_WAD6J;3066
1805;5H9U11FM75;H7G4ZA_H9O;2224
1806;IXHJNNWQ07;UDO_3HV;4375
1807;8JXDTONQM8;KE_C87OL2_NJ;3822
1808;6R67ABMYAS;UDO_3HV;657
1809;YT6UNDDCKQ;UDO_3HV;1900
1810;5ESTH6BMJP;ZN1JB_R6VD8I;3019
1811;WYFPNINBGD;0IG3_CV_WF;937
1812;LL6Q9HCQNL;5DH19E_EX_UU8;3329
1813;IGPQ1KCDWE;VMUVP1_4251DD_FUKUXI;204
1814;P6N9I6R7UK;ZN1JB_R6VD8I;321
1815;TLKESBC3TM;6U_RQP5V;1363
1816;U7P3ISOC2F;0IG3_CV_WF;1791
1817;PWAAVWXW3H;0IG3_CV_WF;1392
1818;E2ABSO6WAG;H2_WAD6J;2964
1819;VRU59VQY4J;5DH19E_EX_UU8;2171
1820;K2J4QHN6DP;KE_C87OL2_NJ;3668
1821;0NRCUCV4K9;UDO_3HV;848
1822;688GMRALAH;0IG3_CV_WF;3644
1823;9NGCBWAP6R;H7G4ZA_H9O;4423
1824;H823YB4B66;VMUVP1_4251DD_FUKUXI;2193
1825;54IWKHG07Q;KE_C87OL2_NJ;4690
1826;U6PMBZ4XAP;H7G4ZA_H9O;1528
1827;2D7PP38NQ5;UDO_3HV;1682
1828;UH4LCDION7;5DH19E_EX_UU8;4539
1829;TLIXL1VBQ2;VMUVP1_4251DD_FUKUXI;1266
1830;QPM3ZEXM16;VMUVP1_4251DD_FUKUXI;2052
1831;NZE174N5TD;KE_C87OL2_NJ;1926
1832;R8FIIE159B;H7G4ZA_H9O;2781
1833;OJCA9BCGWS;6U_RQP5V;2218
1834;D3WCV1ZW7E;0IG3_CV_WF;1544
1835;89XSC7OH08;H7G4ZA_H9O;2221
1836;QETLZX055B;KE_C87OL2_NJ;2843
1837;05GJC6H64C;UDO_3HV;4144
1838;WZCIT6P9RA;5DH19E_EX_UU8;3617
1839;2CAHY6TQ2B;ZN1JB_R6VD8I;630
1840;38WTWXB1Z2;H2_WAD6J;2948
1841;ATE1N9YGAN;6U_RQP5V;3791
1842;0GK7BM3SC9;ZN1JB_R6VD8I;1411
1843;AFR4ODO2J5;5DH19E_EX_UU8;4896
1844;CDD58YDQAV;H7G4ZA_H9O;2127
1845;K1SHHEFV17;5DH19E_EX_UU8;2117
1846;52EWSHRVUC;RK2AY_AORFQ;1971
1847;F7D7KPEC91;VMUVP1_4251DD_FUKUXI;4328
1848;OJQPKMS3RZ;KE_C87OL2_NJ;1010
1849;CK0VLR67PJ;0IG3_CV_WF;4477
1850;BBB8LGSRFA;KE_C87OL2_NJ;3197
1851;0TG2LKTQ3D;5DH19E_EX_UU8;4132
1852;80XDIRAGJ8;VMUVP1_4251DD_FUKUXI;3406
1853;XTQHZB9WUL;0IG3_CV_WF;3909
1854;FDQURKAHRK;UDO_3HV;2859
1855;JR5BBHCBTG;VMUVP1_4251DD_FUKUXI;3824
1856;PUIAU33Z98;0IG3_CV_WF;3669
1857;UT3AZ7NJ74;6U_RQP5V;1403
1858;A3NHVDZKIY;0IG3_CV_WF;3640
1859;CV6WHXJL8W;5DH19E_EX_UU8;4512
1860;Q5MU5WS31V;5DH19E_EX_UU8;4950
1861;T73G0U9812;5DH19E_EX_UU8;3686
1862;SFSC62LHE7;KE_C87OL2_NJ;899
1863;OPIRY48AP3;UDO_3HV;2063
1864;91LYPH33OM;5DH19E_EX_UU8;2403
1865;UYAM96WLYT;KE_C87OL2_NJ;4238
1866;JZMIIG9HO3;VMUVP1_4251DD_FUKUXI;3182
1867;3IE6S7JL2A;UDO_3HV;3816
1868;QZ97R18IQN;0IG3_CV_WF;2946
1869;ONYYHZFD3E;RK2AY_AORFQ;357
1870;RZF5C02OR0;KE_C87OL2_NJ;4806
1871;2I4XUD2EQW;6U_RQP5V;3796
1872;3T5C4RYFQO;5DH19E_EX_UU8;4550
1873;3I27ZXKFPL;5DH19E_EX_UU8;2661
1874;RAYISFJZ7R;H7G4ZA_H9O;2314
1875;R6SVLXHA17;0IG3_CV_WF;3677
1876;EHAVCKZC1D;RK2AY_AORFQ;457
1877;ALHZ9QOGC6;H7G4ZA_H9O;1213
1878;IBHTJ7OU0G;H2_WAD6J;2864
1879;J1MPT057Z4;KE_C87OL2_NJ;2864
1880;8G0INLUPUF;H7G4ZA_H9O;4904
1881;VBWHVWOBM3;5DH19E_EX_UU8;3362
1882;6RPU1X0ZR7;RK2AY_AORFQ;3375
1883;Q5IDR75USR;UDO_3HV;3558
1884;5ASHF7TZZD;5DH19E_EX_UU8;1799
1885;LQHVCTO3W8;0IG3_CV_WF;3006
1886;JIWRX50SZH;0IG3_CV_WF;1434
1887;ZRA624C3WD;ZN1JB_R6VD8I;1302
1888;2NN80AC3B7;6U_RQP5V;213
1889;9T8VNG4S2P;H7G4ZA_H9O;3395
1890;J5O95D02S2;H2_WAD6J;2920
1891;WFYWWRYST4;VMUVP1_4251DD_FUKUXI;2233
1892;BMFP2AI6BH;0IG3_CV_WF;1220
1893;LI9L7DNH09;VMUVP1_4251DD_FUKUXI;4776
1894;JOUXLVRS0W;5DH19E_EX_UU8;815
1895;5E5SSF3EQ5;6U_RQP5V;96
1896;3Y2RRBQDNR;H7G4ZA_H9O;2332
1897;ZMT87GFCKG;H2_WAD6J;374
1898;6IU8DMEPA9;H2_WAD6J;2052
1899;1TBI91B6WX;5DH19E_EX_UU8;2507
1900;RO9HIPMGUK;5DH19E_EX_UU8;4867
1901;3OW632BN8J;H2_WAD6J;2052
1902;S6XFQHF66Q;5DH19E_EX_UU8;4311
1903;19Z89YFKPC;RK2AY_AORFQ;4742
1904;35PUK6C8RF;ZN1JB_R6VD8I;4617
1905;7H9QNHDAP7;6U_RQP5V;3047
1906;IX1M93RFSW;5DH19E_EX_UU8;362
1907;XJ735FUJ3C;6U_RQP5V;2371
1908;K1DZW9LYHK;VMUVP1_4251DD_FUKUXI;53
1909;HIDCNW7KWM;VMUVP1_4251DD_FUKUXI;2887
1910;Q39FWI8G9H;H7G4ZA_H9O;4494
1911;JYBFJHSYSH;H2_WAD6J;210
1912;H9BRGB0T85;5DH19E_EX_UU8;3623
1913;DOWLLJP88A;KE_C87OL2_NJ;2934
1914;DUO6AW34ZA;RK2AY_AORFQ;1357
1915;WM0G6I75XG;RK2AY_AORFQ;2915
1916;JIC17GDU7B;RK2AY_AORFQ;2780
1917;9DYP2RGIXY;RK2AY_AORFQ;1008
1918;QGTG7PSZDF;VMUVP1_4251DD_FUKUXI;1314
1919;0XFXLGK2QH;UDO_3HV;4635
1920;UPOIORDDV5;H2_WAD6J;1770
1921;EXSUA84R8O;ZN1JB_R6VD8I;1531
1922;WQQ2ZKNA16;KE_C87OL2_NJ;4339
1923;NANJDO9J47;5DH19E_EX_UU8;2646
1924;B2AQ2YP37I;ZN1JB_R6VD8I;4422
1925;QAJ4NJA5JY;KE_C87OL2_NJ;4971
1926;GLWBDYJKB1;H2_WAD6J;438
1927;VQQ6WCHPD9;6U_RQP5V;3698
1928;BT5RHEMU1X;H7G4ZA_H9O;994
1929;EH758NECMO;RK2AY_AORFQ;4879
1930;AOOH2VWPCI;6U_RQP5V;1239
1931;6F24BQNRZ2;UDO_3HV;2348
1932;1E8V3H2ETM;KE_C87OL2_NJ;4766
1933;JMU1UNMCU4;RK2AY_AORFQ;1088
1934;5BSHE0792I;5DH19E_EX_UU8;2412
1935;GS0SEU312S;5DH19E_EX_UU8;435
1936;ZPMKZW4CK3;0IG3_CV_WF;4177
1937;MZHX29G1E5;H2_WAD6J;3064
1938;CV7WCU3DZS;H2_WAD6J;2471
1939;BIQP0TBLRH;H7G4ZA_H9O;1015
1940;TUJJNNY5GP;RK2AY_AORFQ;872
1941;X450RJMHAQ;KE_C87OL2_NJ;447
1942;84X77RHRM8;ZN1JB_R6VD8I;124
1943;33L2CCRYTY;ZN1JB_R6VD8I;4802
1944;9IL8PKH5TQ;H2_WAD6J;1628
1945;FKA72YRKG5;H7G4ZA_H9O;705
1946;9GS0G00FR9;H2_WAD6J;1793
1947;GRBAM5B6Z5;UDO_3HV;1436
1948;7KDVL3D4MG;RK2AY_AORFQ;2891
1949;J2D0693KB2;KE_C87OL2_NJ;393
1950;8KQFUXD6NZ;KE_C87OL2_NJ;2797
1951;COPXDX5T3S;ZN1JB_R6VD8I;3247
1952;FCGTN7ZV6L;ZN1JB_R6VD8I;865
1953;QV3UPAL6WB;RK2AY_AORFQ;387
1954;VNS1V54DUR;VMUVP1_4251DD_FUKUXI;4565
1955;0FPUFOKVQC;VMUVP1_4251DD_FUKUXI;3390
1956;8ULZ1EC2SE;RK2AY_AORFQ;2001
1957;P8L1UQVPV5;0IG3_CV_WF;4028
1958;FGLVP4BYC7;RK2AY_AORFQ;4801
1959;Z0CBXRMPBY;0IG3_CV_WF;1209
1960;9UTXYZYX72;ZN1JB_R6VD8I;2991
1961;7ZWZ16V6AH;UDO_3HV;3201
1962;S7TIMOFC4A;VMUVP1_4251DD_FUKUXI;822
1963;D1NAKKHPGQ;5DH19E_EX_UU8;4808
1964;TFEYG0XAFO;ZN1JB_R6VD8I;3251
1965;DNV9M574SP;6U_RQP5V;587
1966;SF3Y4VV1C2;ZN1JB_R6VD8I;725
1967;M9BE5MX47C;ZN1JB_R6VD8I;4117
1968;2EEOP2XFY6;UDO_3HV;4806
1969;R8V46JLZ5G;ZN1JB_R6VD8I;3748
1970;HV4BP92BIC;KE_C87OL2_NJ;311
1971;BI65FLBQAQ;KE_C87OL2_NJ;561
1972;4UXXHAG2EL;5DH19E_EX_UU8;3307
1973;HNOLFJWRBM;6U_RQP5V;3477
1974;XS63VMPLM6;ZN1JB_R6VD8I;4511
1975;KWTLGO6754;5DH19E_EX_UU8;662
1976;NRXP6ELJPN;6U_RQP5V;4403
1977;GUYEQX7OV1;UDO_3HV;552
1978;UBR3CT8KIT;RK2AY_AORFQ;3538
1979;1V7QS79ZX2;0IG3_CV_WF;4235
1980;B4W1PXRPS3;H7G4ZA_H9O;2743
1981;M17427IWDC;6U_RQP5V;78
1982;GTZ1TUQ1IC;ZN1JB_R6VD8I;2397
1983;DB44LP0IM9;UDO_3HV;2714
1984;GVZJK7UN6R;UDO_3HV;1414
1985;6081ZNHIVJ;6U_RQP5V;2920
1986;6Z83U84UJI;H7G4ZA_H9O;3118
1987;BGFUH3L96K;VMUVP1_4251DD_FUKUXI;2227
1988;8QNLPWPGA5;KE_C87OL2_NJ;3857
1989;7UFLJRKC8M;5DH19E_EX_UU8;1528
1990;T9RR2WV4F4;VMUVP1_4251DD_FUKUXI;4165
1991;NE7AJQ3LW2;VMUVP1_4251DD_FUKUXI;3055
1992;SUVO5KQPSK;VMUVP1_4251DD_FUKUXI;1289
1993;2OC6GJ7PS2;H7G4ZA_H9O;4439
1994;S6TF4SFJ05;KE_C87OL2_NJ;4033
1995;E8D3GDL5K5;ZN1JB_R6VD8I;3237
1996;E723K6IS1D;VMUVP1_4251DD_FUKUXI;3550
1997;4GUF2VUEUG;VMUVP1_4251DD_FUKUXI;474
1998;EK4KD5R07L;UDO_3HV;4742
1999;7O890V2WOK;KE_C87OL2_NJ;2897
2000;29DP94Z09G;VMUVP1_4251DD_FUKUXI;1376
2001;5VN81RJU6O;H7G4ZA_H9O;1944
2002;NUAQQAQ5Z6;UDO_3HV;1499
2003;PWTHGY6XHA;UDO_3HV;1436
2004;VHCRPTOJA4;0IG3_CV_WF;561
2005;TP2E2SYKME;H2_WAD6J;1151
2006;4A36W1752A;RK2AY_AORFQ;598
2007;V01K8O70YM;KE_C87OL2_NJ;3196
2008;GPJ0QP7DGP;KE_C87OL2_NJ;416
2009;PMSQTFYQM1;RK2AY_AORFQ;3349
2010;YL1VDDR2N0;KE_C87OL2_NJ;1189
2011;YJ21R6LRKE;ZN1JB_R6VD8I;91
2012;Z6HAT18084;ZN1JB_R6VD8I;4689
2013;P8C77WPZOJ;6U_RQP5V;1474
2014;627G32GJ1R;6U_RQP5V;3806
2015;XNFZGFQD09;KE_C87OL2_NJ;4902
2016;T4ELPMNEDV;H2_WAD6J;2754
2017;5B8TUEM9OP;H7G4ZA_H9O;3340
2018;YCTTB67BL7;H2_WAD6J;2876
2019;INFCGS8XUU;0IG3_CV_WF;2776
2020;SJYFP6KAPS;VMUVP1_4251DD_FUKUXI;3269
2021;F8910B5QK5;ZN1JB_R6VD8I;4870
2022;AXJKYNBNEB;VMUVP1_4251DD_FUKUXI;2336
2023;KFZKPIDUHL;VMUVP1_4251DD_FUKUXI;3831
2024;Z49SW00P0L;5DH19E_EX_UU8;3932
2025;3G6ZA18T0N;VMUVP1_4251DD_FUKUXI;952
2026;YQWT1ZHD29;KE_C87OL2_NJ;407
2027;107FNW3AOH;5DH19E_EX_UU8;324
2028;HM208OPCU2;RK2AY_AORFQ;859
2029;Q2F799IDCO;RK2AY_AORFQ;578
2030;C6UGOWDNKV;VMUVP1_4251DD_FUKUXI;4307
2031;MFKIW7ZI14;RK2AY_AORFQ;1164
2032;7MZTB6D5DW;UDO_3HV;724
2033;AOIQ01AB36;H2_WAD6J;3909
2034;SATCYU39US;ZN1JB_R6VD8I;2327
2035;K1OTWAHSOS;ZN1JB_R6VD8I;3587
2036;6SOV8S8R2L;H2_WAD6J;511
2037;R92R26TY4V;H2_WAD6J;3997
2038;7C8F7T6GMS;H2_WAD6J;1173
2039;SIANVGSHMN;H2_WAD6J;4876
2040;VTQILMKNTC;6U_RQP5V;701
2041;9K9Q37S2NX;0IG3_CV_WF;2756
2042;3DOHNYVXSB;RK2AY_AORFQ;4326
2043;CGU4670R73;ZN1JB_R6VD8I;3593
2044;FKH6VUWCJ9;ZN1JB_R6VD8I;2695
2045;IZKIQXCSD9;VMUVP1_4251DD_FUKUXI;1280
2046;05D0MLXPUR;6U_RQP5V;3882
2047;5332CI01E9;H2_WAD6J;3891
2048;HQEDAOJ1O9;H2_WAD6J;4349
2049;CDJ2RHP29U;KE_C87OL2_NJ;4673
2050;LCFJWZXI5S;ZN1JB_R6VD8I;3659
2051;WDFUPX9K1F;6U_RQP5V;3420
2052;K36N3VLOQ7;H7G4ZA_H9O;3082
2053;5G6UA00KFM;H2_WAD6J;1067
2054;AG3642CCU1;5DH19E_EX_UU8;293
2055;W8DBCXS881;5DH19E_EX_UU8;955
2056;Q4L69C0GBK;RK2AY_AORFQ;4450
2057;HEPUKR3QYZ;UDO_3HV;2110
2058;06BAEYV7NQ;VMUVP1_4251DD_FUKUXI;1452
2059;5CT25PARHQ;6U_RQP5V;2809
2060;VZRL5N3896;KE_C87OL2_NJ;3245
2061;L8XY40ODSE;0IG3_CV_WF;745
2062;LVNHNBNS0N;KE_C87OL2_NJ;259
2063;U3QRHZTA2N;6U_RQP5V;8
2064;BSC4DX2FPP;H2_WAD6J;4224
2065;65RFICP7E5;RK2AY_AORFQ;4361
2066;ZFNC57ZI8C;0IG3_CV_WF;4443
2067;QZM08E3CPO;6U_RQP5V;4099
2068;OQ4PT60PBU;H7G4ZA_H9O;4456
2069;CGCEKJPHRT;H2_WAD6J;2736
2070;HPLU2PYLON;6U_RQP5V;2755
2071;CBWGVQFZH7;RK2AY_AORFQ;2946
2072;EC11AK5AJS;VMUVP1_4251DD_FUKUXI;544
2073;ASBTE0ZP3J;RK2AY_AORFQ;766
2074;WUH2034QYF;VMUVP1_4251DD_FUKUXI;3656
2075;8K8R1RZIOH;6U_RQP5V;2716
2076;3M603Q1RTH;H2_WAD6J;4099
2077;DSEKRYVAXG;H7G4ZA_H9O;356
2078;DGSTABZ7OU;H7G4ZA_H9O;404
2079;TXAAKMPH9I;0IG3_CV_WF;4139
2080;ITIVWVF04G;VMUVP1_4251DD_FUKUXI;3969
2081;N6WIFV02MZ;VMUVP1_4251DD_FUKUXI;2388
2082;T14K3CB3YJ;ZN1JB_R6VD8I;1951
2083;MN142A219U;UDO_3HV;3386
2084;S50YWMV0O4;KE_C87OL2_NJ;4681
2085;E8CFJZ357J;ZN1JB_R6VD8I;4531
2086;1ZKAVHDOIJ;6U_RQP5V;3900
2087;NI2FWM3DCF;RK2AY_AORFQ;1412
2088;QOC7Y193LT;KE_C87OL2_NJ;2447
2089;JZZ6UB929M;ZN1JB_R6VD8I;312
2090;UE9G6H0O2J;KE_C87OL2_NJ;2596
2091;9W3E2NLUGO;H2_WAD6J;2977
2092;245ATLYSWB;UDO_3HV;2222
2093;KWYBS7AYCX;0IG3_CV_WF;267
2094;NJJCHM7VZT;H2_WAD6J;4528
2095;M274DYBLAI;6U_RQP5V;3704
2096;S87L385TVT;KE_C87OL2_NJ;4714
2097;FLNWI33K4R;H2_WAD6J;540
2098;FN0V97QAJE;UDO_3HV;2361
2099;KHFWID2K5T;UDO_3HV;2107
2100;AQQPK3VG05;KE_C87OL2_NJ;730
2101;HBXJ9MB7Q4;ZN1JB_R6VD8I;250
2102;47U7TX4QQE;KE_C87OL2_NJ;114
2103;5UDNCS7892;UDO_3HV;2241
2104;C7T98KEB23;UDO_3HV;1151
2105;R9KP3KA0KF;RK2AY_AORFQ;969
2106;L7F784VYIU;5DH19E_EX_UU8;475
2107;P95W0OG9FH;H2_WAD6J;951
2108;TYB5PBT7RB;5DH19E_EX_UU8;2722
2109;IN7ZOBB9L1;5DH19E_EX_UU8;315
2110;Z030O47R1A;5DH19E_EX_UU8;3594
2111;CWABBEBAGE;6U_RQP5V;2210
2112;RAZXTUTDSX;UDO_3HV;4532
2113;BPQGZJ55TE;H7G4ZA_H9O;3751
2114;9S7N27QG1A;0IG3_CV_WF;948
2115;L3SVBHMBRC;KE_C87OL2_NJ;4134
2116;N1KA1A2YZL;6U_RQP5V;1208
2117;1OS8M3UQ3U;6U_RQP5V;2088
2118;UIJA5BTIGN;5DH19E_EX_UU8;541
2119;G4AHKSS9P4;ZN1JB_R6VD8I;2033
2120;OR7GKMGT5I;6U_RQP5V;1794
2121;227Y505H4Y;ZN1JB_R6VD8I;2592
2122;43YDPNPQMB;0IG3_CV_WF;3100
2123;HMFRG0AN2I;UDO_3HV;414
2124;44QY2IY6C7;H7G4ZA_H9O;1385
2125;25NOZZGP81;UDO_3HV;3041
2126;17G892WDR7;5DH19E_EX_UU8;524
2127;ZD3QJOM3EE;0IG3_CV_WF;2546
2128;WCKPIU735E;0IG3_CV_WF;2289
2129;UCHYBA3823;ZN1JB_R6VD8I;3675
2130;MJ04KO00M3;6U_RQP5V;989
2131;53B7ZUVLPJ;RK2AY_AORFQ;381
2132;0O5WKKS3UH;UDO_3HV;2281
2133;79K5LBNF2L;6U_RQP5V;3905
2134;46I0WV0JH2;VMUVP1_4251DD_FUKUXI;2271
2135;HWNO2Y38KQ;H2_WAD6J;2452
2136;8FGRCISTBN;RK2AY_AORFQ;590
2137;L3475R8DCG;0IG3_CV_WF;473
2138;LH0Q5IBOZ0;6U_RQP5V;4742
2139;2NREEYANEE;ZN1JB_R6VD8I;1368
2140;VHU5YFO6RB;H7G4ZA_H9O;1610
2141;APTL7UP91F;RK2AY_AORFQ;3814
2142;79EH3CANGJ;ZN1JB_R6VD8I;3401
2143;TC3LJVH6BI;ZN1JB_R6VD8I;46
2144;LLIGW2SLEB;UDO_3HV;1581
2145;38EQ8V1T7I;KE_C87OL2_NJ;1037
2146;FGIHS94T0X;6U_RQP5V;1156
2147;H6RM8MYPDX;H7G4ZA_H9O;458
2148;TGA48JUQTI;VMUVP1_4251DD_FUKUXI;1942
2149;C6IDAME0Q0;0IG3_CV_WF;559
2150;9PFGOJK77A;RK2AY_AORFQ;2835
2151;VUE71L286A;VMUVP1_4251DD_FUKUXI;4782
2152;3T5Q8G8Z6B;H7G4ZA_H9O;2271
2153;L64N11I2BM;ZN1JB_R6VD8I;391
2154;5KKV2AWJF6;6U_RQP5V;1652
2155;CP1Y4SGYND;H2_WAD6J;4509
2156;XC9NP3JNGR;ZN1JB_R6VD8I;2413
2157;XQMBKPS5P3;UDO_3HV;160
2158;I7PUOAG1BB;5DH19E_EX_UU8;398
2159;C8CGHE2021;H2_WAD6J;3369
2160;FCX7W6467X;5DH19E_EX_UU8;4107
2161;W9SY5IQJEP;H7G4ZA_H9O;754
2162;84HIMZPBOJ;ZN1JB_R6VD8I;1236
2163;HSOLP763Z6;KE_C87OL2_NJ;4315
2164;1GYKXLD1KM;5DH19E_EX_UU8;1548
2165;QYZKT9VCMK;H7G4ZA_H9O;4829
2166;7UUSSX21B8;H7G4ZA_H9O;618
2167;IEGAGC7DGU;H7G4ZA_H9O;3029
2168;KHALCMXTER;UDO_3HV;832
2169;43LR0SDAFR;6U_RQP5V;3498
2170;KA9PLQT63Z;6U_RQP5V;3979
2171;ZUVV7790E6;6U_RQP5V;3768
2172;P59JVCNEQV;6U_RQP5V;253
2173;SWM0EM7B8B;RK2AY_AORFQ;1001
2174;BSTTKKXFFG;5DH19E_EX_UU8;4135
2175;PLQLU4SRBO;UDO_3HV;3786
2176;C5XMK3KXGZ;H7G4ZA_H9O;2368
2177;N953KOQX52;5DH19E_EX_UU8;3967
2178;EW9T6J4HV0;6U_RQP5V;3672
2179;BK1MTA91LO;H7G4ZA_H9O;1709
2180;I25EU0H51T;KE_C87OL2_NJ;2057
2181;KORUNNNA76;KE_C87OL2_NJ;1648
2182;GLB1FX4UQ5;H7G4ZA_H9O;4013
2183;EAWRM8VB5Y;H7G4ZA_H9O;1912
2184;AD1DV9P7PB;ZN1JB_R6VD8I;2538
2185;94SXC4SD6X;H2_WAD6J;1402
2186;3B5O3ZI2XA;UDO_3HV;2509
2187;5F0IHVKYY5;H7G4ZA_H9O;4870
2188;JFVJ9Z3JNL;H2_WAD6J;3149
2189;1346QHLZJS;UDO_3HV;1451
2190;VJVK00JKNY;UDO_3HV;972
2191;L8DGVO7UQ4;0IG3_CV_WF;4293
2192;QWQ8XLMN4R;H2_WAD6J;4313
2193;GR93IO16GQ;H7G4ZA_H9O;991
2194;L21OUSVXWZ;H2_WAD6J;199
2195;BDG3942TV8;UDO_3HV;606
2196;SD1IOZ4MI7;H2_WAD6J;351
2197;BHWHA2FCB4;6U_RQP5V;1386
2198;RIAEYOV5WC;ZN1JB_R6VD8I;381
2199;DUE8ZAM60N;ZN1JB_R6VD8I;2621
2200;U92M4K6GLV;0IG3_CV_WF;1806
2201;ISN900V7IU;H7G4ZA_H9O;3884
2202;MOIXYQSEG0;UDO_3HV;4253
2203;GRR8ISNS23;KE_C87OL2_NJ;4429
2204;5OEKNBXJRP;H2_WAD6J;3273
2205;UM5FHMS8TM;VMUVP1_4251DD_FUKUXI;2767
2206;TYPTPFA6B7;H2_WAD6J;3753
2207;3KTIF8TEWJ;VMUVP1_4251DD_FUKUXI;4772
2208;T58633SOMP;VMUVP1_4251DD_FUKUXI;4596
2209;8IL27WYVLV;KE_C87OL2_NJ;311
2210;WVPS4YTH7D;5DH19E_EX_UU8;2719
2211;LDK859Z73S;ZN1JB_R6VD8I;2463
2212;1NIXY0W2B7;UDO_3HV;4081
2213;TY880MRNVO;ZN1JB_R6VD8I;912
2214;BNE7U34JCN;H2_WAD6J;2229
2215;4H2YWIWO7W;6U_RQP5V;4589
2216;ISIDS6JHVP;0IG3_CV_WF;3721
2217;BVH64ACI4R;UDO_3HV;4167
2218;92GQZJLVG8;H2_WAD6J;4768
2219;ITMH45B3UD;UDO_3HV;276
2220;LI8PEK5JLW;KE_C87OL2_NJ;546
2221;ZE8O9JC0LF;5DH19E_EX_UU8;4615
2222;BOZMDMI8BG;H2_WAD6J;3131
2223;XOXMRFM9M8;6U_RQP5V;528
2224;YYYJ27019I;UDO_3HV;3768
2225;VDZA4PM8X4;VMUVP1_4251DD_FUKUXI;632
2226;AFTJFITCFB;H2_WAD6J;1829
2227;6XFGDLBRW3;VMUVP1_4251DD_FUKUXI;3607
2228;FWJ2YL77OX;6U_RQP5V;1230
2229;PPWHW2CQK4;H2_WAD6J;598
2230;ANZ8VF0H38;UDO_3HV;1934
2231;878MF0YR5V;RK2AY_AORFQ;3369
2232;9CHFHOLM3N;RK2AY_AORFQ;3619
2233;F8ED9O1DF2;RK2AY_AORFQ;936
2234;FEPNHWMP3K;VMUVP1_4251DD_FUKUXI;3258
2235;1TPUY3KKH6;ZN1JB_R6VD8I;4219
2236;CWNTULJYN0;VMUVP1_4251DD_FUKUXI;3780
2237;9J9QBFUEFX;RK2AY_AORFQ;3569
2238;P4352ERUQ2;KE_C87OL2_NJ;4796
2239;103O46HMMS;6U_RQP5V;1571
2240;UCGP7243KI;ZN1JB_R6VD8I;2189
2241;QV9OST9RZC;UDO_3HV;1161
2242;E3SV1YWB72;5DH19E_EX_UU8;2638
2243;69W6F3YM78;UDO_3HV;3748
2244;B3OROAEY7I;KE_C87OL2_NJ;1595
2245;SSW34KUMT9;ZN1JB_R6VD8I;3861
2246;JT5SEME5IE;H2_WAD6J;3202
2247;E70LPT5UPJ;6U_RQP5V;1043
2248;O51K01PF1D;H2_WAD6J;3684
2249;UIEF11C352;5DH19E_EX_UU8;4632
2250;521I510XAJ;UDO_3HV;3889
2251;YW5EORJMZI;H2_WAD6J;3606
2252;7F7M54TSOT;6U_RQP5V;4297
2253;RKX9HUNN2O;6U_RQP5V;4632
2254;JHXLR8480X;H7G4ZA_H9O;2686
2255;612VADKKRB;VMUVP1_4251DD_FUKUXI;3577
2256;NDO6BOPM3G;KE_C87OL2_NJ;4073
2257;WPCRCROII6;VMUVP1_4251DD_FUKUXI;1095
2258;HJPPNN0XT3;RK2AY_AORFQ;479
2259;UVAZI3M5VJ;UDO_3HV;2954
2260;XJVPOZZVSY;ZN1JB_R6VD8I;1240
2261;PHMCCIPBQT;6U_RQP5V;2501
2262;4NWZYL3N5E;VMUVP1_4251DD_FUKUXI;4279
2263;143YYT1A59;UDO_3HV;4477
2264;VCEQEG09QE;H2_WAD6J;956
2265;VUSR2GDXL3;RK2AY_AORFQ;69
2266;PG3JTW58XG;H7G4ZA_H9O;1143
2267;UG8QMDXJ46;6U_RQP5V;2935
2268;B8B0JH08TE;5DH19E_EX_UU8;2808
2269;QWFVAYJZ0A;ZN1JB_R6VD8I;2356
2270;STHIZ8Q4O5;H2_WAD6J;2146
2271;R8KDDRFX5W;6U_RQP5V;704
2272;LU6379NJ5T;H2_WAD6J;2432
2273;7LRKU28JD9;5DH19E_EX_UU8;4915
2274;WGZ77WE7FR;0IG3_CV_WF;2526
2275;QED8PWT30E;VMUVP1_4251DD_FUKUXI;537
2276;41D3SYGJ31;5DH19E_EX_UU8;783
2277;1F96YMZE6Z;5DH19E_EX_UU8;24
2278;BUX0EJL4AE;6U_RQP5V;2714
2279;XN1IS5LNGA;RK2AY_AORFQ;4921
2280;EBFIV6FN8X;KE_C87OL2_NJ;126
2281;TRWHYR10QC;VMUVP1_4251DD_FUKUXI;3234
2282;ZYPNC59VZ9;RK2AY_AORFQ;1986
2283;4EZKZQWYXL;5DH19E_EX_UU8;2364
2284;S0S6SOIWWA;VMUVP1_4251DD_FUKUXI;3630
2285;73AMYB0TAY;5DH19E_EX_UU8;3909
2286;MMU9Y1UP9C;UDO_3HV;1162
2287;PKZR0HISU0;H2_WAD6J;67
2288;7RKFPJLZGL;H2_WAD6J;3175
2289;36R5E5N4CN;6U_RQP5V;4641
2290;ON8GRTC52K;H7G4ZA_H9O;3255
2291;E7G7I70WMS;UDO_3HV;1748
2292;9A9WMV55AM;0IG3_CV_WF;3931
2293;EILLQ2FDSX;ZN1JB_R6VD8I;2551
2294;3T5DMC1AQE;RK2AY_AORFQ;662
2295;AE6W7NUWCS;KE_C87OL2_NJ;4483
2296;AO2HWA8SOZ;5DH19E_EX_UU8;2418
2297;9AKMTBGLCF;H2_WAD6J;3363
2298;1UV9ZAI2SB;VMUVP1_4251DD_FUKUXI;4224
2299;2QHAJHKBG2;UDO_3HV;2761
2300;JKPT583GCK;H2_WAD6J;645
2301;VSS9C0R61S;H2_WAD6J;878
2302;3NTB3QVATR;H2_WAD6J;4641
2303;QHRH6B54Z3;H7G4ZA_H9O;4808
2304;6W8ZMBOPHB;6U_RQP5V;1152
2305;VG6YEDCQXU;0IG3_CV_WF;608
2306;FDUEEJD9FH;H2_WAD6J;1900
2307;VU2Z2P26KH;6U_RQP5V;2189
2308;OYMCWH38R2;ZN1JB_R6VD8I;3252
2309;JGD7IL82J3;0IG3_CV_WF;57
2310;L78FVHVE5P;6U_RQP5V;2945
2311;9MS186VDHM;RK2AY_AORFQ;4591
2312;8WLES5YJIY;5DH19E_EX_UU8;3937
2313;XKF2VQZBOF;6U_RQP5V;581
2314;G9X6IZJUEP;6U_RQP5V;2136
2315;B4STSY1URL;H7G4ZA_H9O;3290
2316;8FVCDJNL6O;VMUVP1_4251DD_FUKUXI;205
2317;BDAANVVXOY;RK2AY_AORFQ;1451
2318;20O53HE9ZA;ZN1JB_R6VD8I;4073
2319;V4YDSRLC8P;0IG3_CV_WF;1186
2320;VHVNXJIP18;ZN1JB_R6VD8I;3456
2321;VO892GUQ64;0IG3_CV_WF;526
2322;VS94C059C6;UDO_3HV;4605
2323;19L0EVXJAX;UDO_3HV;4178
2324;67GCFO78UD;KE_C87OL2_NJ;2843
2325;G1FJ7GGW4N;KE_C87OL2_NJ;3334
2326;BUX416LHYN;H2_WAD6J;1043
2327;NMNJPBOO20;0IG3_CV_WF;2532
2328;FZUMRN4JFM;RK2AY_AORFQ;3471
2329;ZM8466AVQB;RK2AY_AORFQ;1965
2330;1WYWSGEUUL;5DH19E_EX_UU8;4464
2331;8C2N5QCASJ;UDO_3HV;3656
2332;TSNFIIFSK1;0IG3_CV_WF;3042
2333;0T5UIAXHDP;0IG3_CV_WF;2904
2334;ECAVLHBXZN;6U_RQP5V;1175
2335;NJVTLCF857;RK2AY_AORFQ;1773
2336;ULDKBX549O;6U_RQP5V;2431
2337;7A90TMB6UU;RK2AY_AORFQ;299
2338;Q7C33S4VN3;6U_RQP5V;477
2339;783L3CKK07;KE_C87OL2_NJ;1203
2340;0NI9XQAT3N;KE_C87OL2_NJ;145
2341;W02XKLR3NX;ZN1JB_R6VD8I;2341
2342;U3Z1H7KZG6;VMUVP1_4251DD_FUKUXI;4736
2343;XBMW3KCVMR;UDO_3HV;4547
2344;HLVKSOM2KB;UDO_3HV;1336
2345;JZBYUPVD47;6U_RQP5V;1203
2346;M6AZ63ZBTG;VMUVP1_4251DD_FUKUXI;457
2347;LUJUW08TSD;5DH19E_EX_UU8;3488
2348;GSTG73QH2U;5DH19E_EX_UU8;344
2349;FHEFJM2QX0;H2_WAD6J;3010
2350;4N32ARTISV;VMUVP1_4251DD_FUKUXI;3288
2351;M0N8QGIEM4;VMUVP1_4251DD_FUKUXI;4402
2352;X3CK01NRFV;UDO_3HV;1498
2353;134B1D6TJZ;RK2AY_AORFQ;4099
2354;LS3FL26KXW;H7G4ZA_H9O;4851
2355;LD0LW19B6Z;5DH19E_EX_UU8;2810
2356;3EG1HNMIFA;ZN1JB_R6VD8I;4620
2357;3BH1QEQDYA;UDO_3HV;2778
2358;JC0WPMK19Y;6U_RQP5V;4483
2359;Q7GBFUY2H6;5DH19E_EX_UU8;3805
2360;NK20SX0NXA;6U_RQP5V;1560
2361;3UDFFBFXZ2;6U_RQP5V;176
2362;ZDULA2604J;6U_RQP5V;1526
2363;T4UFMVN36Y;VMUVP1_4251DD_FUKUXI;444
2364;TUMDF9XZ1U;KE_C87OL2_NJ;3902
2365;0GFLVD4NSN;KE_C87OL2_NJ;180
2366;APW3KXC119;6U_RQP5V;3584
2367;U7H08FHI8K;5DH19E_EX_UU8;971
2368;LAHG1LE8VI;H7G4ZA_H9O;1863
2369;R0O51UTF5K;0IG3_CV_WF;1332
2370;RJ9B9IKDQJ;UDO_3HV;356
2371;WXNEU0HJFV;H2_WAD6J;4074
2372;6L1XDTYKVM;RK2AY_AORFQ;3900
2373;QAV2A7D0S9;H7G4ZA_H9O;935
2374;L3QOSQ54P2;0IG3_CV_WF;3232
2375;PMGT49FYRQ;5DH19E_EX_UU8;1805
2376;EMQD4MUEJZ;6U_RQP5V;3994
2377;MAZO7Y88D5;ZN1JB_R6VD8I;223
2378;67TKQ6E8WC;0IG3_CV_WF;3520
2379;1YB732BQI7;H7G4ZA_H9O;3874
2380;EB324G60ED;H2_WAD6J;2469
2381;2AVW5F8BK8;UDO_3HV;1678
2382;6N0RWOX3L5;UDO_3HV;4174
2383;VE6IYPP1ZG;H2_WAD6J;3223
2384;LDISAOL7OH;ZN1JB_R6VD8I;2862
2385;GZPKNU8LYB;KE_C87OL2_NJ;1177
2386;QT8KGMOQBK;RK2AY_AORFQ;4478
2387;SSOUY0ZNP0;H2_WAD6J;2190
2388;JU1ANLDXJX;H2_WAD6J;3586
2389;ZNUYNXK0XT;UDO_3HV;4216
2390;483DWY2F1Y;ZN1JB_R6VD8I;1604
2391;9Z7MUW53WA;6U_RQP5V;3937
2392;GOLA8GB940;KE_C87OL2_NJ;2275
2393;O52BKSP9RA;5DH19E_EX_UU8;2596
2394;GA0ELVJRIY;6U_RQP5V;1007
2395;OJ98QGN3O3;H7G4ZA_H9O;2126
2396;9THQ52JZE0;RK2AY_AORFQ;4577
2397;HFJPE6XZI2;0IG3_CV_WF;1315
2398;6BKLBEOLU1;0IG3_CV_WF;1538
2399;54GGP62JM2;RK2AY_AORFQ;3884
2400;D5PS9NSEM3;VMUVP1_4251DD_FUKUXI;2398
2401;UM37FZSWTJ;6U_RQP5V;3834
2402;YJYNBM0760;5DH19E_EX_UU8;240
2403;TSFUA4ELPB;VMUVP1_4251DD_FUKUXI;3837
2404;434B29587U;5DH19E_EX_UU8;3202
2405;W8D1PR9J9L;ZN1JB_R6VD8I;4918
2406;36JW61V52V;0IG3_CV_WF;1149
2407;HDCSKBH3PK;5DH19E_EX_UU8;1752
2408;ISSB81U8Q3;5DH19E_EX_UU8;3735
2409;OX8N5PW039;H2_WAD6J;1133
2410;4CNJ33M5I8;KE_C87OL2_NJ;2331
2411;AKSM2Z8CE3;5DH19E_EX_UU8;3506
2412;82YKQX7UK5;UDO_3HV;4301
2413;QRI28U0UQH;KE_C87OL2_NJ;812
2414;9VQKNTXDTU;VMUVP1_4251DD_FUKUXI;3086
2415;B2ABMPLMTP;0IG3_CV_WF;4985
2416;OXUXU1DYK0;VMUVP1_4251DD_FUKUXI;2682
2417;HU3YILSFX3;H7G4ZA_H9O;3441
2418;46UWJ4H97I;H2_WAD6J;4399
2419;LD04YDK40Q;ZN1JB_R6VD8I;4379
2420;WYN5UT5LMI;UDO_3HV;3551
2421;FL5DX8TJPW;0IG3_CV_WF;981
2422;8ERZKEX0UO;5DH19E_EX_UU8;1815
2423;JGV5W7WYNW;0IG3_CV_WF;4064
2424;WPJBLXNPWT;VMUVP1_4251DD_FUKUXI;2911
2425;UUJZ9KXGNX;ZN1JB_R6VD8I;2773
2426;YTP7ZKFPNB;H2_WAD6J;4134
2427;MTZSAUTC4Q;RK2AY_AORFQ;1532
2428;Y5TSATOL52;H7G4ZA_H9O;11
2429;GHTCRLH2IR;RK2AY_AORFQ;4203
2430;ZLKW0ZHV6Y;H2_WAD6J;3159
2431;8SDWZ4O7SI;ZN1JB_R6VD8I;2937
2432;53HQ6C4TZR;KE_C87OL2_NJ;2555
2433;VW3R05ECJZ;0IG3_CV_WF;3937
2434;49NP6YS404;0IG3_CV_WF;1615
2435;4G1BO4BYHN;H7G4ZA_H9O;462
2436;ET7SU6VVKJ;ZN1JB_R6VD8I;1267
2437;G7S8OVRZ1U;5DH19E_EX_UU8;2740
2438;L7973JZ1FW;UDO_3HV;2774
2439;TZLS7QTRZL;ZN1JB_R6VD8I;1563
2440;9KRRG4COV1;VMUVP1_4251DD_FUKUXI;1574
2441;FOLEMZ76PK;KE_C87OL2_NJ;3639
2442;MDY1JQFAUH;ZN1JB_R6VD8I;2854
2443;TR8XK04N8Y;H7G4ZA_H9O;3684
2444;KS6LWV49WI;VMUVP1_4251DD_FUKUXI;974
2445;W7TC95C90I;VMUVP1_4251DD_FUKUXI;2727
2446;LMAD6R2RDI;ZN1JB_R6VD8I;4448
2447;0VGQ22KGFY;UDO_3HV;4115
2448;W3FHDKNAC5;6U_RQP5V;4150
2449;0A4ZEMJJ4F;5DH19E_EX_UU8;2963
2450;D1X3TFSNDP;KE_C87OL2_NJ;1434
2451;LQ317JN038;0IG3_CV_WF;3183
2452;YAKFF8TBD6;6U_RQP5V;1685
2453;Z7IK1R5S03;H2_WAD6J;757
2454;GE4AS46KF6;RK2AY_AORFQ;1017
2455;4T288O7UM0;VMUVP1_4251DD_FUKUXI;3364
2456;BM1P4RP0EK;UDO_3HV;998
2457;GG760FLMSC;H2_WAD6J;2537
2458;5W2BC6APDZ;ZN1JB_R6VD8I;2422
2459;YP3ZI2TS5C;VMUVP1_4251DD_FUKUXI;607
2460;E9RMTDWZKF;5DH19E_EX_UU8;4686
2461;KNM84YZBMZ;5DH19E_EX_UU8;2606
2462;8RBMQALQ9S;VMUVP1_4251DD_FUKUXI;4951
2463;6IDD2BRQ5Z;H2_WAD6J;4524
2464;VWTKZWSZXY;KE_C87OL2_NJ;1057
2465;LGSH8R7GQD;H7G4ZA_H9O;2808
2466;IGWCQ4PMFV;RK2AY_AORFQ;1075
2467;Y194JEXFFH;6U_RQP5V;882
2468;C86G9NJPSP;H2_WAD6J;4830
2469;AWMZKOP4AX;H7G4ZA_H9O;2655
2470;YCD29JLOBI;6U_RQP5V;2937
2471;171MU1SBRK;6U_RQP5V;1646
2472;L3QBGQRR1K;KE_C87OL2_NJ;4292
2473;0EEU9LP7J2;6U_RQP5V;2179
2474;OIJ3DDGZWN;H2_WAD6J;4369
2475;6O7MPTVBZY;6U_RQP5V;2788
2476;L0JVF0ESZQ;H7G4ZA_H9O;2469
2477;PGSXYAU1VX;ZN1JB_R6VD8I;986
2478;2KFOJSBMW2;6U_RQP5V;2159
2479;NZK2Y3B36T;ZN1JB_R6VD8I;875
2480;X7SIRNASAI;VMUVP1_4251DD_FUKUXI;24
2481;POCU6EPS35;RK2AY_AORFQ;1587
2482;UR9NPWD89I;RK2AY_AORFQ;1777
2483;9Q6QIYSW0Z;VMUVP1_4251DD_FUKUXI;3555
2484;F6XX29RC9H;RK2AY_AORFQ;3371
2485;4SYAJECYQT;0IG3_CV_WF;4263
2486;8MJPVNIRWF;6U_RQP5V;3089
2487;FEYNX2SIQ7;H7G4ZA_H9O;381
2488;USMGM1NEVE;H2_WAD6J;1042
2489;QER4GBP0NS;KE_C87OL2_NJ;4764
2490;C0ZIYCYN8Y;5DH19E_EX_UU8;4528
2491;ITP4MI30FT;H2_WAD6J;3576
2492;XHQO0VJ9P1;ZN1JB_R6VD8I;4338
2493;CWUGNXZ4EL;0IG3_CV_WF;3382
2494;LUPYP91QKQ;RK2AY_AORFQ;10
2495;Y8Y0SVLZL2;H2_WAD6J;4682
2496;0NZKR39CUK;0IG3_CV_WF;2361
2497;N6OC30WKVP;H2_WAD6J;1894
2498;XTSF7E7Z1X;0IG3_CV_WF;1393
2499;2BFBDQ7ATB;H7G4ZA_H9O;1385
2500;3DFL0QY6KO;H2_WAD6J;793
2501;E1PPO34WFR;RK2AY_AORFQ;2838
2502;BPEJL70KCM;5DH19E_EX_UU8;3087
2503;SHNN9UU8PH;5DH19E_EX_UU8;1429
2504;777XLE7QS6;KE_C87OL2_NJ;721
2505;6RDXSSXD2G;H2_WAD6J;1795
2506;K8CJ7VI99D;KE_C87OL2_NJ;1469
2507;U99I52SZ5G;0IG3_CV_WF;4493
2508;T4ERLT32CI;5DH19E_EX_UU8;2366
2509;EILUCNURST;VMUVP1_4251DD_FUKUXI;3975
2510;8DJE1AX9SA;KE_C87OL2_NJ;4560
2511;I8YSNA89K4;6U_RQP5V;3904
2512;HL3N3L539M;KE_C87OL2_NJ;587
2513;YINX1FE01D;VMUVP1_4251DD_FUKUXI;2441
2514;PXS4RKO0CX;H7G4ZA_H9O;3850
2515;UBAOXX4G2C;UDO_3HV;767
2516;5DHYKO65ZF;RK2AY_AORFQ;1570
2517;6YS5GPBTMQ;0IG3_CV_WF;3090
2518;SHS34LWUWJ;VMUVP1_4251DD_FUKUXI;1327
2519;IPHQ2Q4PHN;ZN1JB_R6VD8I;1967
2520;IR08CF5893;H7G4ZA_H9O;2662
2521;HFMZKNHVVX;VMUVP1_4251DD_FUKUXI;2070
2522;HEUMTBBV5J;RK2AY_AORFQ;746
2523;8FUI3W0TFG;KE_C87OL2_NJ;2044
2524;7TB4ZKC0OK;H2_WAD6J;4038
2525;NEHBTZ1O17;6U_RQP5V;1916
2526;CFTESVAUGJ;ZN1JB_R6VD8I;2388
2527;QJOT4I9XI0;VMUVP1_4251DD_FUKUXI;1393
2528;H5HXOMPLE2;0IG3_CV_WF;3600
2529;2F7EGV02NK;H2_WAD6J;719
2530;3EANY97C81;ZN1JB_R6VD8I;1123
2531;KHPTUA5CNV;KE_C87OL2_NJ;1869
2532;XZLZ9FCGMZ;KE_C87OL2_NJ;4117
2533;AHH717J5IO;H7G4ZA_H9O;2520
2534;XNIZLZPSB4;ZN1JB_R6VD8I;357
2535;4E3M7AS7U6;VMUVP1_4251DD_FUKUXI;3959
2536;QUXSHAOY0H;ZN1JB_R6VD8I;4821
2537;KRVMBVLC5F;RK2AY_AORFQ;3128
2538;V4IJUE5FTY;H7G4ZA_H9O;2785
2539;E5E7LVP80E;0IG3_CV_WF;1482
2540;3KOAUO9LMU;5DH19E_EX_UU8;3477
2541;05LGA92JC8;H2_WAD6J;3364
2542;D92MH3E7P5;RK2AY_AORFQ;1704
2543;P41J3ZVVK6;ZN1JB_R6VD8I;711
2544;MQ6AXHKJF5;VMUVP1_4251DD_FUKUXI;1141
2545;1YY57SL9WD;RK2AY_AORFQ;2334
2546;GO3OCGFNJM;H2_WAD6J;2468
2547;XCFFG5WQM3;VMUVP1_4251DD_FUKUXI;4288
2548;7SKJ9Z5UAU;RK2AY_AORFQ;4891
2549;YC1ZRPWFV1;H7G4ZA_H9O;700
2550;TJL121EV5N;6U_RQP5V;664
2551;1GOEJLPFLE;6U_RQP5V;2982
2552;EW8GB7SO63;UDO_3HV;4174
2553;QTPFXX8H1G;ZN1JB_R6VD8I;784
2554;6FOTFOR0AK;ZN1JB_R6VD8I;4607
2555;8F60JYJQSA;0IG3_CV_WF;2850
2556;X9XBOEWX7X;RK2AY_AORFQ;4416
2557;BME2TRK46Y;H2_WAD6J;757
2558;MNPGB5K5Z2;ZN1JB_R6VD8I;265
2559;V1B52G1DMO;KE_C87OL2_NJ;1403
2560;ONLM91QTPM;5DH19E_EX_UU8;1615
2561;HI2YT81YQ3;KE_C87OL2_NJ;3832
2562;KXU7YN8KLP;H7G4ZA_H9O;2671
2563;0J0BPG42P3;VMUVP1_4251DD_FUKUXI;3290
2564;Q4H0H2YOHQ;5DH19E_EX_UU8;928
2565;YS4YJ7UXWF;H7G4ZA_H9O;3760
2566;XNF30N3BZR;KE_C87OL2_NJ;1789
2567;N9SV63Q2D2;H2_WAD6J;3130
2568;OCV696EDC5;ZN1JB_R6VD8I;3296
2569;GX5EDUNMLN;5DH19E_EX_UU8;1456
2570;P2XALKZ4NL;RK2AY_AORFQ;4196
2571;3KXGBM39FV;ZN1JB_R6VD8I;380
2572;5CEX484VGR;5DH19E_EX_UU8;68
2573;80NA3BP0ET;KE_C87OL2_NJ;2206
2574;SDHB3PP863;0IG3_CV_WF;3937
2575;M13QTJ43L5;H2_WAD6J;1527
2576;A999DDH0H8;ZN1JB_R6VD8I;4734
2577;A9DAJW9XJ0;6U_RQP5V;3367
2578;N2CP2BD1WD;UDO_3HV;3424
2579;1WCT7E5K3N;VMUVP1_4251DD_FUKUXI;4028
2580;2F3FQ9CVCD;VMUVP1_4251DD_FUKUXI;1835
2581;9YI1Y3X2KO;ZN1JB_R6VD8I;310
2582;TCGYL7ULIJ;H2_WAD6J;548
2583;NMKCN87GW4;UDO_3HV;584
2584;DC1NVI6C31;ZN1JB_R6VD8I;2639
2585;QK247IB6ZQ;5DH19E_EX_UU8;4291
2586;I8BOZJVK7W;RK2AY_AORFQ;518
2587;5IU5NICNSI;UDO_3HV;3697
2588;30804COWP9;ZN1JB_R6VD8I;3408
2589;8PU46JVSDB;RK2AY_AORFQ;2508
2590;TATLYE4UYX;H7G4ZA_H9O;2419
2591;C8WXF1OF73;5DH19E_EX_UU8;2020
2592;YZSVG0PZCI;6U_RQP5V;1524
2593;FC63N43C4B;H7G4ZA_H9O;3078
2594;TOKH9FFA7Y;H2_WAD6J;2422
2595;45QZUHMCPN;KE_C87OL2_NJ;3475
2596;K6QGB2ZHYL;VMUVP1_4251DD_FUKUXI;1090
2597;U5YYO77SQD;VMUVP1_4251DD_FUKUXI;4465
2598;FSP5MHVA41;0IG3_CV_WF;1840
2599;F5PP40JPQM;RK2AY_AORFQ;2455
2600;VHCFWHELG1;H7G4ZA_H9O;1653
2601;7QEBC6VCQH;H2_WAD6J;2430
2602;T2YEZWL16B;H2_WAD6J;3913
2603;06018H3DEN;RK2AY_AORFQ;1905
2604;JDKI706E8N;KE_C87OL2_NJ;687
2605;66ZX9F7RMZ;KE_C87OL2_NJ;4361
2606;SQ7KPCILVJ;VMUVP1_4251DD_FUKUXI;1187
2607;PWACZX19KG;KE_C87OL2_NJ;2124
2608;VC49LA1U2E;ZN1JB_R6VD8I;440
2609;GF4546O8HT;VMUVP1_4251DD_FUKUXI;1701
2610;ZNUPBKWUVW;UDO_3HV;2150
2611;SSHAK2TMS7;KE_C87OL2_NJ;799
2612;U8DQWWYR0R;UDO_3HV;3311
2613;6ANF9HHALB;5DH19E_EX_UU8;1557
2614;C90GC91Z9L;RK2AY_AORFQ;4684
2615;Z7CDRB6052;VMUVP1_4251DD_FUKUXI;1042
2616;T5DUOUZ8FL;6U_RQP5V;1002
2617;0FTNI3WJEG;ZN1JB_R6VD8I;4841
2618;H3TH79T4JC;RK2AY_AORFQ;4691
2619;OQJL846LBI;KE_C87OL2_NJ;3335
2620;M8GWWQTZ4T;ZN1JB_R6VD8I;2541
2621;CMA27DV3IK;RK2AY_AORFQ;1257
2622;BFIGUKDZXJ;UDO_3HV;1604
2623;1Q7NFDJ9BI;6U_RQP5V;4673
2624;GAK1OXB62F;6U_RQP5V;2547
2625;4I9O6MRZA3;RK2AY_AORFQ;1064
2626;0FLHHFG047;KE_C87OL2_NJ;168
2627;1F1KHECI3O;H2_WAD6J;768
2628;X69TZZEQ87;ZN1JB_R6VD8I;2664
2629;YHWF0UVL30;6U_RQP5V;3589
2630;NJL4SPH9P0;VMUVP1_4251DD_FUKUXI;2953
2631;B7JEFVNQD9;H2_WAD6J;1368
2632;2820DPJII7;KE_C87OL2_NJ;3978
2633;Q08TU1T3KZ;UDO_3HV;3394
2634;OG191YBPSM;H2_WAD6J;1443
2635;LOW0Q7972Q;6U_RQP5V;1852
2636;ALHXHZEMED;ZN1JB_R6VD8I;3680
2637;X21UQ3062A;H7G4ZA_H9O;2864
2638;SAZKR9XQR5;VMUVP1_4251DD_FUKUXI;4656
2639;ZH10V1BUDV;0IG3_CV_WF;2430
2640;T5GN7XHL2O;VMUVP1_4251DD_FUKUXI;1190
2641;JRDVSC1ISH;ZN1JB_R6VD8I;1986
2642;S042GVWWF5;0IG3_CV_WF;4337
2643;BUZFPGRFUL;VMUVP1_4251DD_FUKUXI;19
2644;HBR98G1M0W;H7G4ZA_H9O;1725
2645;W0LC2WWNJH;VMUVP1_4251DD_FUKUXI;1281
2646;WEM4PTS9NL;5DH19E_EX_UU8;3246
2647;RHKFD4N4HJ;KE_C87OL2_NJ;2826
2648;HH60OPBAO5;KE_C87OL2_NJ;3247
2649;JN38L2ZNOK;6U_RQP5V;3769
2650;9WMDQ4TXQ1;6U_RQP5V;4803
2651;T0QKK0MP3I;VMUVP1_4251DD_FUKUXI;2824
2652;CQWE8NYOAE;6U_RQP5V;2863
2653;0W2KKLWSGK;H2_WAD6J;3453
2654;6I5R4BCVNM;VMUVP1_4251DD_FUKUXI;2443
2655;CFN63Z8LUL;0IG3_CV_WF;1421
2656;L1Q6CRYHC9;6U_RQP5V;527
2657;HL6VLMQY5P;ZN1JB_R6VD8I;3589
2658;WDBPS7SXEP;ZN1JB_R6VD8I;1404
2659;7I3EE8RNWQ;VMUVP1_4251DD_FUKUXI;4697
2660;376FFTRKC2;ZN1JB_R6VD8I;4805
2661;KGNU8CWZ5E;RK2AY_AORFQ;2096
2662;Z51N2GJBQA;5DH19E_EX_UU8;4705
2663;MQ6UCMUCWX;VMUVP1_4251DD_FUKUXI;949
2664;EQ9UNL1BWC;0IG3_CV_WF;4082
2665;5TSUTPQV7A;VMUVP1_4251DD_FUKUXI;4841
2666;W1VT6RN4HZ;5DH19E_EX_UU8;3175
2667;OWP4KIGMRV;5DH19E_EX_UU8;1829
2668;6ZOCGQI165;VMUVP1_4251DD_FUKUXI;2310
2669;MX8YM02TMR;6U_RQP5V;2768
2670;JZV9X6IG50;0IG3_CV_WF;4236
2671;IIE2K1OYC9;5DH19E_EX_UU8;4821
2672;FG4ZG2JTSZ;UDO_3HV;3051
2673;WG3N2Q5ZXH;H2_WAD6J;4110
2674;TYDAR2B43F;RK2AY_AORFQ;458
2675;CX99YXMQ11;KE_C87OL2_NJ;3553
2676;LMB619HJ8P;6U_RQP5V;3719
2677;HGPMFVRDV5;RK2AY_AORFQ;953
2678;HC7H9AAV8D;VMUVP1_4251DD_FUKUXI;4367
2679;72QT4I3B62;ZN1JB_R6VD8I;4515
2680;ZBVZ3VYL9J;RK2AY_AORFQ;1764
2681;PQ3604ZU3P;ZN1JB_R6VD8I;1303
2682;FZDUN9P31T;KE_C87OL2_NJ;1481
2683;LQ8IVDGKPT;6U_RQP5V;494
2684;90PYVQHKEP;UDO_3HV;4943
2685;MAMUBW0I6X;RK2AY_AORFQ;1495
2686;F6Q87I8FQW;6U_RQP5V;4518
2687;6ZJZRBOHAZ;ZN1JB_R6VD8I;4461
2688;RG0N8WBRLC;KE_C87OL2_NJ;4875
2689;AAAVOWM2T1;H7G4ZA_H9O;2290
2690;57174P125Q;ZN1JB_R6VD8I;1439
2691;JEKR3JM87N;H7G4ZA_H9O;808
2692;4UAU1FINNB;6U_RQP5V;4522
2693;V2ONLQ8OKJ;5DH19E_EX_UU8;2435
2694;AECARP6JJR;0IG3_CV_WF;3053
2695;NRXSH7XJ40;ZN1JB_R6VD8I;2131
2696;PYO4L294N8;RK2AY_AORFQ;3982
2697;IN8EEU89MN;VMUVP1_4251DD_FUKUXI;2180
2698;USQXVKF16C;5DH19E_EX_UU8;1120
2699;DLC64DOXBO;H2_WAD6J;2288
2700;EOHIU27DXM;H2_WAD6J;1469
2701;MSJWM37QL2;KE_C87OL2_NJ;341
2702;0QN28R70QX;VMUVP1_4251DD_FUKUXI;4079
2703;F6TKC1OTS9;6U_RQP5V;1769
2704;HFUA4NM3NE;H2_WAD6J;2961
2705;YSJBSX1YAS;UDO_3HV;4357
2706;LK8TDJLV38;6U_RQP5V;871
2707;M8VDEQMIRY;H2_WAD6J;2346
2708;8BA9KDDME0;VMUVP1_4251DD_FUKUXI;4662
2709;R4WJC989XT;6U_RQP5V;4951
2710;4CF25YZSDG;RK2AY_AORFQ;4904
2711;3JJW3HR3CZ;UDO_3HV;4921
2712;4OS0AL2I6Y;5DH19E_EX_UU8;4121
2713;U0X5PLPPOU;KE_C87OL2_NJ;2517
2714;D2XFSWTX9O;5DH19E_EX_UU8;3449
2715;VQBE1PLAEJ;0IG3_CV_WF;2591
2716;7FVZ7QEKXK;H2_WAD6J;4899
2717;2870NYM8BD;H2_WAD6J;3518
2718;VPPECLYBSF;H2_WAD6J;737
2719;C2O32I524E;KE_C87OL2_NJ;4228
2720;Z6ZPA463YK;H7G4ZA_H9O;914
2721;D8TKNJMP78;UDO_3HV;1892
2722;3REALHMIB3;6U_RQP5V;1684
2723;J4NIVR8J5H;H2_WAD6J;2280
2724;JT7414QWZO;6U_RQP5V;1595
2725;8L5NWRPJPQ;UDO_3HV;3675
2726;9P9OJ232D7;UDO_3HV;1568
2727;5WRQQDPOJ1;UDO_3HV;1646
2728;9E7BNSGJHV;0IG3_CV_WF;547
2729;8PRSZ0AJSA;H7G4ZA_H9O;1823
2730;69TPNY8XYS;H2_WAD6J;2036
2731;RT0PINPT8T;H7G4ZA_H9O;526
2732;GOBAWHFUK4;VMUVP1_4251DD_FUKUXI;897
2733;ZL6UGJF714;5DH19E_EX_UU8;3367
2734;663FSVMPAU;VMUVP1_4251DD_FUKUXI;4877
2735;8UL1K5KDNP;RK2AY_AORFQ;2959
2736;ICWZBQWIWQ;RK2AY_AORFQ;2606
2737;TBD74TF4HN;ZN1JB_R6VD8I;3314
2738;VPL9PCM5GQ;0IG3_CV_WF;2485
2739;A1PM6JC9FV;H7G4ZA_H9O;3678
2740;GKPW67P939;KE_C87OL2_NJ;134
2741;2Q60PRGJ3Y;VMUVP1_4251DD_FUKUXI;4557
2742;5KQZEPQ137;6U_RQP5V;1464
2743;OLNKVGMLPE;H2_WAD6J;357
2744;Y42KTYMJZF;ZN1JB_R6VD8I;2485
2745;TPQKLQZYA6;KE_C87OL2_NJ;2014
2746;BAFI9IZGM4;ZN1JB_R6VD8I;3255
2747;KX07YLCKLR;RK2AY_AORFQ;2137
2748;QQROKDBAC6;H2_WAD6J;2789
2749;AK8XY4BUVZ;6U_RQP5V;787
2750;Z86FTIBWHN;UDO_3HV;3116
2751;EKC8KF8LV6;6U_RQP5V;2884
2752;HVAK54I3VD;H2_WAD6J;1627
2753;FQ988J8F0A;H7G4ZA_H9O;1247
2754;NTY3NH6FOI;VMUVP1_4251DD_FUKUXI;763
2755;4DF9F7RMIQ;H2_WAD6J;2322
2756;PGWP5AG23W;H7G4ZA_H9O;2153
2757;RBANWNIEGK;UDO_3HV;3967
2758;BDL8LMCUCR;H2_WAD6J;1277
2759;4VVQNGW6BW;H2_WAD6J;3203
2760;COYY4X531X;5DH19E_EX_UU8;359
2761;949DR6GFK6;6U_RQP5V;2516
2762;7ETL6Z5UKR;5DH19E_EX_UU8;2786
2763;ZO0NKYZHNG;H7G4ZA_H9O;2603
2764;BSK2DKJB4I;0IG3_CV_WF;1756
2765;JCRQ50LUPD;H7G4ZA_H9O;4187
2766;12ANUT7WI3;KE_C87OL2_NJ;2273
2767;BIXM3RX7QE;H2_WAD6J;1842
2768;K02KCCZHB6;KE_C87OL2_NJ;874
2769;N1GSEYEZS4;5DH19E_EX_UU8;1340
2770;5CLXD3KIHF;UDO_3HV;1108
2771;GCXV8KXITL;UDO_3HV;4703
2772;1QMZJKQVOB;UDO_3HV;3944
2773;208AHOT85K;0IG3_CV_WF;1024
2774;YZK5KET9KR;H7G4ZA_H9O;1014
2775;44GDOEQNDD;6U_RQP5V;3071
2776;UXV7PNGQBP;ZN1JB_R6VD8I;4611
2777;UCHMD3P9Y9;5DH19E_EX_UU8;2438
2778;CQVO95BJ5S;H2_WAD6J;4401
2779;CQ1Q6BG19H;RK2AY_AORFQ;4694
2780;RZK0PEPZBL;KE_C87OL2_NJ;4263
2781;C75JWYW1AC;UDO_3HV;2468
2782;7N83FYXA8V;6U_RQP5V;1882
2783;KPDYXJIG1S;0IG3_CV_WF;4706
2784;L466UG1EDS;ZN1JB_R6VD8I;940
2785;IGETZ3PSO2;H2_WAD6J;460
2786;X2Z6SC02X4;H7G4ZA_H9O;2069
2787;S1USEGM4YE;0IG3_CV_WF;4206
2788;B7ZA29K113;H2_WAD6J;3079
2789;AB1CVHSXEE;KE_C87OL2_NJ;3693
2790;VIPTEBHZEO;0IG3_CV_WF;3112
2791;6KEVFRQ2N0;6U_RQP5V;749
2792;MQNVF2BB5S;H7G4ZA_H9O;1387
2793;0Y5DR6CN3O;H7G4ZA_H9O;114
2794;C3D8NQOY7T;UDO_3HV;3083
2795;JU8A0IMGYV;VMUVP1_4251DD_FUKUXI;2187
2796;WEQT0S0KN6;H7G4ZA_H9O;3068
2797;XBTX7VPM6I;H2_WAD6J;824
2798;M4JVE4QL7S;H2_WAD6J;4199
2799;DVRZLVL4CJ;UDO_3HV;4149
2800;R9UQOOSXWY;UDO_3HV;1360
2801;A8289HA5M0;H7G4ZA_H9O;1449
2802;1R7HTUNH18;H2_WAD6J;1107
2803;2PU73BQTA9;KE_C87OL2_NJ;3631
2804;R4ABMO54GE;H2_WAD6J;2975
2805;NZ69TLFQ4H;UDO_3HV;843
2806;ASKX47Z1VW;VMUVP1_4251DD_FUKUXI;3527
2807;3113NO2PNV;RK2AY_AORFQ;3252
2808;4IQ6A8KN1O;0IG3_CV_WF;563
2809;KYCX73S0VN;5DH19E_EX_UU8;3382
2810;W8JYYMQMHB;UDO_3HV;3413
2811;9IMRNFW2H9;RK2AY_AORFQ;1747
2812;UBBVKWW3CR;RK2AY_AORFQ;620
2813;TK1NXJPOUE;6U_RQP5V;1659
2814;9DYM7NTV11;KE_C87OL2_NJ;1118
2815;XEPRRAKCGR;H7G4ZA_H9O;1336
2816;ENCG1UZTA1;0IG3_CV_WF;2765
2817;NPV9AB22RH;H7G4ZA_H9O;1029
2818;QANRDO47WO;H7G4ZA_H9O;697
2819;8DEXVJLFMI;H2_WAD6J;2029
2820;RSDEVIY20I;VMUVP1_4251DD_FUKUXI;4850
2821;GVI3ZXW031;H7G4ZA_H9O;4034
2822;BPRUJWNYOE;0IG3_CV_WF;3016
2823;2W5OKO24IP;KE_C87OL2_NJ;99
2824;ZZK058YZUV;H7G4ZA_H9O;3988
2825;TMAI6EEXT4;5DH19E_EX_UU8;1301
2826;R0KDY6ABX9;0IG3_CV_WF;3928
2827;42B2LCP5SK;0IG3_CV_WF;3404
2828;FYCS1M4Y4X;H2_WAD6J;1449
2829;1UC1KU0HA7;0IG3_CV_WF;2333
2830;FBM4BNZ4S0;5DH19E_EX_UU8;4777
2831;O60AU8A38I;5DH19E_EX_UU8;3532
2832;B1D7KWTJ2O;0IG3_CV_WF;2975
2833;CNB9CW4U56;6U_RQP5V;3582
2834;09I3A2K3C4;5DH19E_EX_UU8;841
2835;3STQ7UEHUY;VMUVP1_4251DD_FUKUXI;618
2836;J1T9JLQ9E2;KE_C87OL2_NJ;3746
2837;CLD9LM5I8V;ZN1JB_R6VD8I;2859
2838;0O1QS2FZHM;5DH19E_EX_UU8;3386
2839;C36IBRV5RI;RK2AY_AORFQ;4662
2840;POPU0Y4Q7K;H2_WAD6J;3391
2841;PAGC1ECDNM;RK2AY_AORFQ;1341
2842;JZBIJTRKGN;RK2AY_AORFQ;1273
2843;6MCQV7TPJQ;UDO_3HV;604
2844;FN2UBQIWC2;VMUVP1_4251DD_FUKUXI;2751
2845;SRF8W9P8S8;H2_WAD6J;170
2846;ESCPM1BPH6;H7G4ZA_H9O;415
2847;1UKLGS89SY;VMUVP1_4251DD_FUKUXI;2449
2848;629SPNQ60C;VMUVP1_4251DD_FUKUXI;3300
2849;B99HR0EK58;H2_WAD6J;3003
2850;Q18WV0OQS3;H2_WAD6J;1233
2851;SU4TMXZ0O1;RK2AY_AORFQ;2021
2852;CRLWI0DF5N;VMUVP1_4251DD_FUKUXI;1846
2853;U96J8J7II2;6U_RQP5V;4876
2854;4FEXJDDJIF;6U_RQP5V;4312
2855;IE5J4TA9CW;ZN1JB_R6VD8I;196
2856;NN963RYC8U;VMUVP1_4251DD_FUKUXI;2460
2857;4BGEJL4NLG;KE_C87OL2_NJ;2950
2858;S9A7W952AA;UDO_3HV;706
2859;XDPIWJLOEG;ZN1JB_R6VD8I;3524
2860;2WEPOEMEWY;KE_C87OL2_NJ;887
2861;B1ENSYG2FN;RK2AY_AORFQ;2047
2862;JJJZ47PEOT;6U_RQP5V;3793
2863;ANBR01JHPK;RK2AY_AORFQ;975
2864;3OI8DX17WV;6U_RQP5V;1597
2865;4EJELR3B30;ZN1JB_R6VD8I;1532
2866;O9KGT6L1ZG;VMUVP1_4251DD_FUKUXI;3771
2867;FS8WJMAZJS;ZN1JB_R6VD8I;4829
2868;0YY51D6PLA;H7G4ZA_H9O;1441
2869;SMN6BAF3H4;VMUVP1_4251DD_FUKUXI;293
2870;B9EXCM1YFS;KE_C87OL2_NJ;1848
2871;E54SKQX2RI;ZN1JB_R6VD8I;4578
2872;KASI5ZQ0YZ;KE_C87OL2_NJ;3378
2873;ZTDIQ589LY;ZN1JB_R6VD8I;4827
2874;FC0H2UTMPG;ZN1JB_R6VD8I;896
2875;GJ5Q24SQ0U;H2_WAD6J;3605
2876;JS3YD88ULC;H7G4ZA_H9O;496
2877;AB7YC24DMD;RK2AY_AORFQ;1227
2878;QCSVETCVN3;0IG3_CV_WF;3762
2879;JXABVANJS4;5DH19E_EX_UU8;4051
2880;8N3XX0KJN0;5DH19E_EX_UU8;4166
2881;K6Y5GJXF1F;0IG3_CV_WF;2811
2882;501ZBX1KWU;0IG3_CV_WF;2111
2883;A285SU57IC;ZN1JB_R6VD8I;2791
2884;0FKGPRKQ7K;VMUVP1_4251DD_FUKUXI;4914
2885;GKF0FXDUVD;VMUVP1_4251DD_FUKUXI;3018
2886;F6ZSH7264O;RK2AY_AORFQ;2659
2887;5D0KPE4Y2M;6U_RQP5V;2942
2888;0TONCZWJ9G;ZN1JB_R6VD8I;1379
2889;6TF2M2SCWF;H2_WAD6J;4182
2890;02P62HHOB0;H2_WAD6J;2505
2891;M4173VI6NN;6U_RQP5V;3344
2892;4USLX1TTWB;H7G4ZA_H9O;2231
2893;EWO212NUGB;VMUVP1_4251DD_FUKUXI;3849
2894;PQ7ERRO1ZM;KE_C87OL2_NJ;2312
2895;8V4IGOQKSY;H7G4ZA_H9O;1998
2896;40048M8RFB;6U_RQP5V;1681
2897;BWAVUJE3FG;UDO_3HV;2110
2898;HZT5342S4R;H2_WAD6J;2385
2899;G60AZHPEYJ;0IG3_CV_WF;1743
2900;UNEA2X4DFV;6U_RQP5V;3295
2901;6CLQ8LVGUN;H7G4ZA_H9O;3537
2902;FPGYR7M4W2;ZN1JB_R6VD8I;1506
2903;B148QVZE3A;VMUVP1_4251DD_FUKUXI;634
2904;6DQLAFEH4K;5DH19E_EX_UU8;218
2905;O9D15SJ51X;UDO_3HV;1831
2906;LUD01OJWA6;RK2AY_AORFQ;621
2907;76JOL89IBQ;5DH19E_EX_UU8;2181
2908;IS1P4RDGQR;0IG3_CV_WF;3857
2909;0GSV7L2AWT;0IG3_CV_WF;1683
2910;GXDSQLPLB0;KE_C87OL2_NJ;3213
2911;7RUUDZS8T9;6U_RQP5V;3575
2912;1JONRU5TWG;RK2AY_AORFQ;2268
2913;CCDKPH3WU9;H7G4ZA_H9O;660
2914;AT62YWZ0CT;ZN1JB_R6VD8I;3303
2915;7OEPV1LKXM;KE_C87OL2_NJ;4668
2916;YW97D62D9Y;KE_C87OL2_NJ;4649
2917;HRTFVX9IDE;UDO_3HV;4266
2918;WAXGU8QB4Q;UDO_3HV;3964
2919;WPCY3TEDUM;KE_C87OL2_NJ;1051
2920;ECA4GQU1O7;H7G4ZA_H9O;4036
2921;SDGHMNBPRV;H7G4ZA_H9O;3504
2922;4BIRYZMG5D;UDO_3HV;1125
2923;FLANGHVD0V;VMUVP1_4251DD_FUKUXI;4878
2924;D61WNU6R9F;UDO_3HV;1961
2925;KUYY52LXLS;UDO_3HV;173
2926;7H81OYX5ZV;6U_RQP5V;4488
2927;LFKUVAKVPH;H2_WAD6J;348
2928;5Y6BMRV8GK;0IG3_CV_WF;1261
2929;R8DGHKIU08;6U_RQP5V;1516
2930;R50UHA83WD;VMUVP1_4251DD_FUKUXI;2947
2931;HJIMIHV2N7;VMUVP1_4251DD_FUKUXI;4422
2932;XVIYHWK4BI;RK2AY_AORFQ;782
2933;NY8RFBP57N;5DH19E_EX_UU8;1411
2934;B9SY2JNWJ9;RK2AY_AORFQ;4600
2935;BC494VCSVG;VMUVP1_4251DD_FUKUXI;1304
2936;1DOVZR828R;ZN1JB_R6VD8I;286
2937;V60NRG147P;6U_RQP5V;3347
2938;GHB1JCWENG;UDO_3HV;1816
2939;0QRX10C9XZ;H7G4ZA_H9O;4687
2940;VZUIBH6O6W;ZN1JB_R6VD8I;3543
2941;8PJYT403NL;6U_RQP5V;4160
2942;TLGAJ4Q3ZT;0IG3_CV_WF;1133
2943;6PA006L0FX;H2_WAD6J;1987
2944;GW0SD3CH2L;VMUVP1_4251DD_FUKUXI;4901
2945;VICKRUMZEM;ZN1JB_R6VD8I;18
2946;5FC57QEVXQ;6U_RQP5V;3080
2947;BJ54CMND4P;H7G4ZA_H9O;1482
2948;H55V8IYROH;KE_C87OL2_NJ;2354
2949;LBVEMYNUD4;6U_RQP5V;4251
2950;VBWAE61QT0;KE_C87OL2_NJ;3268
2951;XHXFRMW48U;H7G4ZA_H9O;3676
2952;KWCTAOU4SJ;ZN1JB_R6VD8I;3803
2953;R8N6UQ1E8E;6U_RQP5V;3030
2954;F93H2XPDF0;0IG3_CV_WF;213
2955;43YZS56G1I;RK2AY_AORFQ;4636
2956;L4POQUF5A3;0IG3_CV_WF;3673
2957;AIIDAUR4Z0;ZN1JB_R6VD8I;2771
2958;NDZH95E8NJ;KE_C87OL2_NJ;3465
2959;39FCDHOW14;H7G4ZA_H9O;4804
2960;M2VV6LI9HF;0IG3_CV_WF;732
2961;N0YZU0YZCG;VMUVP1_4251DD_FUKUXI;4939
2962;EETRPHC1OZ;6U_RQP5V;1549
2963;U51YN0L7UY;H7G4ZA_H9O;4950
2964;AS9W2UA7YY;0IG3_CV_WF;4901
2965;09MCS0WBZ6;UDO_3HV;4691
2966;J2FS35S4H7;KE_C87OL2_NJ;3423
2967;7X4VU5TT7G;RK2AY_AORFQ;2827
2968;NKYNN110D7;UDO_3HV;3840
2969;C48U07AF1S;UDO_3HV;714
2970;7MHD34FO08;5DH19E_EX_UU8;2569
2971;R4FQJ4P0DN;5DH19E_EX_UU8;2124
2972;H9ETMYUPZ4;H2_WAD6J;2233
2973;2E1NR3GSMA;6U_RQP5V;2150
2974;3LNDCXSRIY;H2_WAD6J;3909
2975;0CJJ6RSXR0;5DH19E_EX_UU8;2132
2976;0VY1BRDWL2;0IG3_CV_WF;4616
2977;232RIY6IVB;UDO_3HV;1008
2978;5LCNF4K9P2;0IG3_CV_WF;4806
2979;6AZ60A4I7H;6U_RQP5V;381
2980;PEPHX546XO;H7G4ZA_H9O;3928
2981;4A1H1SX741;H2_WAD6J;4640
2982;AM1WWNGYBP;VMUVP1_4251DD_FUKUXI;247
2983;S4MODNLTJH;6U_RQP5V;2710
2984;VQ951MLEAW;H7G4ZA_H9O;3723
2985;P210FGIXST;6U_RQP5V;1012
2986;D0J4KL4AZJ;5DH19E_EX_UU8;2523
2987;8T83D0C30D;VMUVP1_4251DD_FUKUXI;4722
2988;XZGK1NI0S5;VMUVP1_4251DD_FUKUXI;3989
2989;O94GKP7I95;H7G4ZA_H9O;4353
2990;44OPHQT3SO;H2_WAD6J;155
2991;7KB92971I3;RK2AY_AORFQ;1972
2992;N4O79FC149;UDO_3HV;2493
2993;RPA2Q1TW9I;KE_C87OL2_NJ;22
2994;EVYE0NHXQQ;VMUVP1_4251DD_FUKUXI;2990
2995;VWVWWPB3XU;RK2AY_AORFQ;4992
2996;ZAEF7IS61V;UDO_3HV;3623
2997;O5Y9BXIYBA;0IG3_CV_WF;2082
2998;TGWPTE30QC;ZN1JB_R6VD8I;3342
2999;PB30L45DS1;UDO_3HV;1889
